"day","userid","version"
1,1,"A"
1,2,"A"
1,3,"A"
1,4,"A"
1,5,"A"
1,6,"A"
1,7,"A"
1,8,"A"
1,9,"A"
1,10,"A"
1,11,"A"
1,12,"A"
1,13,"A"
1,14,"A"
1,15,"A"
1,16,"A"
1,17,"A"
1,18,"A"
1,19,"A"
1,20,"A"
1,21,"A"
1,22,"A"
1,23,"A"
1,24,"A"
1,25,"A"
1,26,"A"
1,27,"A"
1,28,"A"
1,29,"A"
1,30,"A"
1,31,"A"
1,32,"A"
1,33,"A"
1,34,"A"
1,35,"A"
1,36,"A"
1,37,"A"
1,38,"A"
1,39,"A"
1,40,"A"
1,41,"A"
1,42,"A"
1,43,"A"
1,44,"A"
1,45,"A"
1,46,"A"
1,47,"A"
1,48,"A"
1,49,"A"
1,50,"A"
1,51,"A"
1,52,"A"
1,53,"A"
1,54,"A"
1,55,"A"
1,56,"A"
1,57,"A"
1,58,"A"
1,59,"A"
1,60,"A"
1,61,"A"
1,62,"A"
1,63,"A"
1,64,"A"
1,65,"A"
1,66,"A"
1,67,"A"
1,68,"A"
1,69,"A"
1,70,"A"
1,71,"A"
1,72,"A"
1,73,"A"
1,74,"A"
1,75,"A"
1,76,"A"
1,77,"A"
1,78,"A"
1,79,"A"
1,80,"A"
1,81,"A"
1,82,"A"
1,83,"A"
1,84,"A"
1,85,"A"
1,86,"A"
1,87,"A"
1,88,"A"
1,89,"A"
1,90,"A"
1,91,"A"
1,92,"A"
1,93,"A"
1,94,"A"
1,95,"A"
1,96,"A"
1,97,"A"
1,98,"A"
1,99,"A"
1,100,"A"
1,101,"A"
1,102,"A"
1,103,"A"
1,104,"A"
1,105,"A"
1,106,"A"
1,107,"A"
1,2892,"B"
1,2893,"B"
1,2894,"B"
1,2895,"B"
1,2896,"B"
1,2897,"B"
1,2898,"B"
1,2899,"B"
1,2900,"B"
1,2901,"B"
1,2902,"B"
1,2903,"B"
1,2904,"B"
1,2905,"B"
1,2906,"B"
1,2907,"B"
1,2908,"B"
1,2909,"B"
1,2910,"B"
1,2911,"B"
1,2912,"B"
1,2913,"B"
1,2914,"B"
1,2915,"B"
1,2916,"B"
1,2917,"B"
1,2918,"B"
1,2919,"B"
1,2920,"B"
1,2921,"B"
1,2922,"B"
1,2923,"B"
1,2924,"B"
1,2925,"B"
1,2926,"B"
1,2927,"B"
1,2928,"B"
1,2929,"B"
1,2930,"B"
1,2931,"B"
1,2932,"B"
1,2933,"B"
1,2934,"B"
1,2935,"B"
1,2936,"B"
1,2937,"B"
1,2938,"B"
1,2939,"B"
1,2940,"B"
1,2941,"B"
1,2942,"B"
1,2943,"B"
1,2944,"B"
1,2945,"B"
1,2946,"B"
1,2947,"B"
1,2948,"B"
1,2949,"B"
1,2950,"B"
1,2951,"B"
1,2952,"B"
1,2953,"B"
1,2954,"B"
1,2955,"B"
1,2956,"B"
1,2957,"B"
1,2958,"B"
1,2959,"B"
1,2960,"B"
1,2961,"B"
1,2962,"B"
1,2963,"B"
1,2964,"B"
1,2965,"B"
1,2966,"B"
1,2967,"B"
1,2968,"B"
1,2969,"B"
1,2970,"B"
1,2971,"B"
1,2972,"B"
1,2973,"B"
1,2974,"B"
1,2975,"B"
1,2976,"B"
1,2977,"B"
1,2978,"B"
1,2979,"B"
1,2980,"B"
1,2981,"B"
1,2982,"B"
1,2983,"B"
1,2984,"B"
1,2985,"B"
1,2986,"B"
1,2987,"B"
1,2988,"B"
1,2989,"B"
1,2990,"B"
1,2991,"B"
1,2992,"B"
1,2993,"B"
1,2994,"B"
1,2995,"B"
1,2996,"B"
2,108,"A"
2,109,"A"
2,110,"A"
2,111,"A"
2,112,"A"
2,113,"A"
2,114,"A"
2,115,"A"
2,116,"A"
2,117,"A"
2,118,"A"
2,119,"A"
2,120,"A"
2,121,"A"
2,122,"A"
2,123,"A"
2,124,"A"
2,125,"A"
2,126,"A"
2,127,"A"
2,128,"A"
2,129,"A"
2,130,"A"
2,131,"A"
2,132,"A"
2,133,"A"
2,134,"A"
2,135,"A"
2,2997,"B"
2,2998,"B"
2,2999,"B"
2,3000,"B"
2,3001,"B"
2,3002,"B"
2,3003,"B"
2,3004,"B"
2,3005,"B"
2,3006,"B"
2,3007,"B"
2,3008,"B"
2,3009,"B"
2,3010,"B"
2,3011,"B"
2,3012,"B"
2,3013,"B"
2,3014,"B"
2,3015,"B"
2,3016,"B"
2,3017,"B"
2,3018,"B"
2,3019,"B"
2,3020,"B"
2,3021,"B"
2,3022,"B"
2,3023,"B"
2,3024,"B"
2,3025,"B"
2,3026,"B"
2,3027,"B"
2,3028,"B"
2,3029,"B"
2,3030,"B"
2,3031,"B"
2,3032,"B"
2,3033,"B"
2,3034,"B"
2,3035,"B"
2,3036,"B"
2,3037,"B"
2,3038,"B"
2,3039,"B"
2,3040,"B"
2,3041,"B"
2,3042,"B"
2,3043,"B"
2,3044,"B"
2,3045,"B"
2,3046,"B"
2,3047,"B"
2,3048,"B"
2,3049,"B"
2,3050,"B"
2,3051,"B"
2,3052,"B"
2,3053,"B"
2,3054,"B"
2,3055,"B"
2,3056,"B"
2,3057,"B"
2,3058,"B"
2,3059,"B"
2,3060,"B"
2,3061,"B"
2,3062,"B"
2,3063,"B"
2,3064,"B"
2,3065,"B"
2,3066,"B"
2,3067,"B"
2,3068,"B"
2,3069,"B"
2,3070,"B"
2,3071,"B"
2,3072,"B"
2,3073,"B"
2,3074,"B"
2,3075,"B"
2,3076,"B"
2,3077,"B"
2,3078,"B"
2,3079,"B"
2,3080,"B"
2,3081,"B"
2,3082,"B"
2,3083,"B"
2,3084,"B"
2,3085,"B"
2,3086,"B"
2,3087,"B"
2,3088,"B"
2,3089,"B"
2,3090,"B"
2,3091,"B"
2,3092,"B"
2,3093,"B"
2,3094,"B"
2,3095,"B"
2,3096,"B"
2,3097,"B"
2,3098,"B"
3,136,"A"
3,137,"A"
3,138,"A"
3,139,"A"
3,140,"A"
3,141,"A"
3,142,"A"
3,143,"A"
3,144,"A"
3,145,"A"
3,146,"A"
3,147,"A"
3,148,"A"
3,149,"A"
3,150,"A"
3,151,"A"
3,152,"A"
3,153,"A"
3,154,"A"
3,155,"A"
3,156,"A"
3,157,"A"
3,158,"A"
3,159,"A"
3,160,"A"
3,161,"A"
3,162,"A"
3,163,"A"
3,164,"A"
3,165,"A"
3,166,"A"
3,167,"A"
3,168,"A"
3,169,"A"
3,170,"A"
3,171,"A"
3,172,"A"
3,173,"A"
3,174,"A"
3,175,"A"
3,176,"A"
3,177,"A"
3,178,"A"
3,179,"A"
3,180,"A"
3,181,"A"
3,182,"A"
3,183,"A"
3,184,"A"
3,185,"A"
3,186,"A"
3,187,"A"
3,188,"A"
3,189,"A"
3,190,"A"
3,191,"A"
3,192,"A"
3,193,"A"
3,194,"A"
3,195,"A"
3,196,"A"
3,197,"A"
3,198,"A"
3,199,"A"
3,200,"A"
3,201,"A"
3,202,"A"
3,203,"A"
3,204,"A"
3,205,"A"
3,206,"A"
3,207,"A"
3,208,"A"
3,209,"A"
3,210,"A"
3,211,"A"
3,212,"A"
3,213,"A"
3,214,"A"
3,215,"A"
3,216,"A"
3,217,"A"
3,218,"A"
3,219,"A"
3,220,"A"
3,221,"A"
3,222,"A"
3,223,"A"
3,224,"A"
3,225,"A"
3,226,"A"
3,227,"A"
3,228,"A"
3,229,"A"
3,230,"A"
3,231,"A"
3,232,"A"
3,233,"A"
3,234,"A"
3,235,"A"
3,236,"A"
3,237,"A"
3,238,"A"
3,239,"A"
3,240,"A"
3,241,"A"
3,242,"A"
3,243,"A"
3,244,"A"
3,245,"A"
3,246,"A"
3,247,"A"
3,248,"A"
3,249,"A"
3,3099,"B"
3,3100,"B"
3,3101,"B"
3,3102,"B"
3,3103,"B"
3,3104,"B"
3,3105,"B"
3,3106,"B"
3,3107,"B"
3,3108,"B"
3,3109,"B"
3,3110,"B"
3,3111,"B"
3,3112,"B"
3,3113,"B"
3,3114,"B"
3,3115,"B"
3,3116,"B"
3,3117,"B"
3,3118,"B"
3,3119,"B"
3,3120,"B"
3,3121,"B"
3,3122,"B"
3,3123,"B"
3,3124,"B"
3,3125,"B"
3,3126,"B"
3,3127,"B"
3,3128,"B"
3,3129,"B"
3,3130,"B"
3,3131,"B"
3,3132,"B"
3,3133,"B"
3,3134,"B"
3,3135,"B"
3,3136,"B"
3,3137,"B"
3,3138,"B"
3,3139,"B"
3,3140,"B"
3,3141,"B"
3,3142,"B"
3,3143,"B"
3,3144,"B"
3,3145,"B"
3,3146,"B"
3,3147,"B"
3,3148,"B"
3,3149,"B"
3,3150,"B"
3,3151,"B"
3,3152,"B"
3,3153,"B"
3,3154,"B"
3,3155,"B"
3,3156,"B"
3,3157,"B"
3,3158,"B"
3,3159,"B"
3,3160,"B"
3,3161,"B"
3,3162,"B"
3,3163,"B"
3,3164,"B"
3,3165,"B"
3,3166,"B"
3,3167,"B"
3,3168,"B"
3,3169,"B"
3,3170,"B"
3,3171,"B"
3,3172,"B"
3,3173,"B"
3,3174,"B"
3,3175,"B"
3,3176,"B"
3,3177,"B"
3,3178,"B"
3,3179,"B"
3,3180,"B"
3,3181,"B"
3,3182,"B"
3,3183,"B"
3,3184,"B"
3,3185,"B"
3,3186,"B"
3,3187,"B"
3,3188,"B"
3,3189,"B"
3,3190,"B"
3,3191,"B"
3,3192,"B"
3,3193,"B"
3,3194,"B"
3,3195,"B"
3,3196,"B"
3,3197,"B"
3,3198,"B"
3,3199,"B"
3,3200,"B"
3,3201,"B"
3,3202,"B"
3,3203,"B"
3,3204,"B"
3,3205,"B"
3,3206,"B"
3,3207,"B"
3,3208,"B"
3,3209,"B"
3,3210,"B"
3,3211,"B"
3,3212,"B"
3,3213,"B"
3,3214,"B"
3,3215,"B"
3,3216,"B"
3,3217,"B"
3,3218,"B"
3,3219,"B"
3,3220,"B"
3,3221,"B"
3,3222,"B"
3,3223,"B"
3,3224,"B"
3,3225,"B"
3,3226,"B"
3,3227,"B"
3,3228,"B"
3,3229,"B"
3,3230,"B"
3,3231,"B"
3,3232,"B"
3,3233,"B"
3,3234,"B"
3,3235,"B"
3,3236,"B"
3,3237,"B"
3,3238,"B"
3,3239,"B"
3,3240,"B"
3,3241,"B"
3,3242,"B"
3,3243,"B"
3,3244,"B"
3,3245,"B"
3,3246,"B"
3,3247,"B"
3,3248,"B"
3,3249,"B"
3,3250,"B"
3,3251,"B"
3,3252,"B"
3,3253,"B"
3,3254,"B"
3,3255,"B"
3,3256,"B"
3,3257,"B"
3,3258,"B"
3,3259,"B"
3,3260,"B"
3,3261,"B"
3,3262,"B"
3,3263,"B"
3,3264,"B"
3,3265,"B"
3,3266,"B"
3,3267,"B"
3,3268,"B"
3,3269,"B"
3,3270,"B"
3,3271,"B"
3,3272,"B"
3,3273,"B"
3,3274,"B"
3,3275,"B"
3,3276,"B"
3,3277,"B"
3,3278,"B"
3,3279,"B"
3,3280,"B"
3,3281,"B"
3,3282,"B"
3,3283,"B"
3,3284,"B"
3,3285,"B"
3,3286,"B"
3,3287,"B"
3,3288,"B"
3,3289,"B"
3,3290,"B"
3,3291,"B"
3,3292,"B"
3,3293,"B"
3,3294,"B"
3,3295,"B"
3,3296,"B"
3,3297,"B"
4,250,"A"
4,251,"A"
4,252,"A"
4,253,"A"
4,254,"A"
4,255,"A"
4,256,"A"
4,257,"A"
4,258,"A"
4,259,"A"
4,260,"A"
4,261,"A"
4,262,"A"
4,263,"A"
4,264,"A"
4,265,"A"
4,266,"A"
4,267,"A"
4,268,"A"
4,269,"A"
4,270,"A"
4,271,"A"
4,272,"A"
4,273,"A"
4,274,"A"
4,275,"A"
4,276,"A"
4,277,"A"
4,278,"A"
4,279,"A"
4,280,"A"
4,281,"A"
4,282,"A"
4,283,"A"
4,284,"A"
4,285,"A"
4,286,"A"
4,287,"A"
4,288,"A"
4,289,"A"
4,290,"A"
4,291,"A"
4,292,"A"
4,293,"A"
4,294,"A"
4,295,"A"
4,296,"A"
4,297,"A"
4,298,"A"
4,299,"A"
4,300,"A"
4,301,"A"
4,302,"A"
4,3298,"B"
4,3299,"B"
4,3300,"B"
4,3301,"B"
4,3302,"B"
4,3303,"B"
4,3304,"B"
4,3305,"B"
4,3306,"B"
4,3307,"B"
4,3308,"B"
4,3309,"B"
4,3310,"B"
4,3311,"B"
4,3312,"B"
4,3313,"B"
4,3314,"B"
4,3315,"B"
4,3316,"B"
4,3317,"B"
4,3318,"B"
4,3319,"B"
4,3320,"B"
4,3321,"B"
4,3322,"B"
4,3323,"B"
4,3324,"B"
4,3325,"B"
4,3326,"B"
4,3327,"B"
4,3328,"B"
4,3329,"B"
4,3330,"B"
4,3331,"B"
4,3332,"B"
4,3333,"B"
4,3334,"B"
4,3335,"B"
4,3336,"B"
4,3337,"B"
4,3338,"B"
4,3339,"B"
4,3340,"B"
4,3341,"B"
4,3342,"B"
4,3343,"B"
4,3344,"B"
4,3345,"B"
4,3346,"B"
4,3347,"B"
4,3348,"B"
4,3349,"B"
4,3350,"B"
4,3351,"B"
4,3352,"B"
4,3353,"B"
4,3354,"B"
4,3355,"B"
4,3356,"B"
4,3357,"B"
4,3358,"B"
4,3359,"B"
4,3360,"B"
4,3361,"B"
4,3362,"B"
4,3363,"B"
4,3364,"B"
4,3365,"B"
4,3366,"B"
4,3367,"B"
4,3368,"B"
4,3369,"B"
4,3370,"B"
4,3371,"B"
4,3372,"B"
4,3373,"B"
5,303,"A"
5,304,"A"
5,305,"A"
5,306,"A"
5,307,"A"
5,308,"A"
5,309,"A"
5,310,"A"
5,311,"A"
5,312,"A"
5,313,"A"
5,314,"A"
5,315,"A"
5,316,"A"
5,317,"A"
5,318,"A"
5,319,"A"
5,320,"A"
5,321,"A"
5,322,"A"
5,323,"A"
5,324,"A"
5,325,"A"
5,326,"A"
5,327,"A"
5,328,"A"
5,329,"A"
5,330,"A"
5,331,"A"
5,332,"A"
5,333,"A"
5,334,"A"
5,335,"A"
5,336,"A"
5,337,"A"
5,338,"A"
5,339,"A"
5,340,"A"
5,341,"A"
5,342,"A"
5,343,"A"
5,344,"A"
5,345,"A"
5,346,"A"
5,347,"A"
5,348,"A"
5,349,"A"
5,350,"A"
5,351,"A"
5,352,"A"
5,353,"A"
5,354,"A"
5,355,"A"
5,356,"A"
5,357,"A"
5,358,"A"
5,359,"A"
5,360,"A"
5,361,"A"
5,362,"A"
5,363,"A"
5,364,"A"
5,365,"A"
5,366,"A"
5,367,"A"
5,368,"A"
5,369,"A"
5,370,"A"
5,371,"A"
5,372,"A"
5,373,"A"
5,374,"A"
5,375,"A"
5,376,"A"
5,377,"A"
5,378,"A"
5,379,"A"
5,380,"A"
5,381,"A"
5,382,"A"
5,383,"A"
5,384,"A"
5,385,"A"
5,386,"A"
5,387,"A"
5,3374,"B"
5,3375,"B"
5,3376,"B"
5,3377,"B"
5,3378,"B"
5,3379,"B"
5,3380,"B"
5,3381,"B"
5,3382,"B"
5,3383,"B"
5,3384,"B"
5,3385,"B"
5,3386,"B"
5,3387,"B"
5,3388,"B"
5,3389,"B"
5,3390,"B"
5,3391,"B"
5,3392,"B"
5,3393,"B"
5,3394,"B"
5,3395,"B"
5,3396,"B"
5,3397,"B"
5,3398,"B"
5,3399,"B"
5,3400,"B"
5,3401,"B"
5,3402,"B"
5,3403,"B"
5,3404,"B"
5,3405,"B"
5,3406,"B"
5,3407,"B"
5,3408,"B"
5,3409,"B"
5,3410,"B"
5,3411,"B"
5,3412,"B"
5,3413,"B"
5,3414,"B"
5,3415,"B"
5,3416,"B"
5,3417,"B"
5,3418,"B"
5,3419,"B"
5,3420,"B"
5,3421,"B"
5,3422,"B"
5,3423,"B"
5,3424,"B"
5,3425,"B"
5,3426,"B"
5,3427,"B"
5,3428,"B"
5,3429,"B"
5,3430,"B"
5,3431,"B"
5,3432,"B"
5,3433,"B"
5,3434,"B"
5,3435,"B"
5,3436,"B"
5,3437,"B"
5,3438,"B"
5,3439,"B"
5,3440,"B"
5,3441,"B"
6,388,"A"
6,389,"A"
6,390,"A"
6,391,"A"
6,392,"A"
6,393,"A"
6,394,"A"
6,395,"A"
6,396,"A"
6,397,"A"
6,398,"A"
6,399,"A"
6,400,"A"
6,401,"A"
6,402,"A"
6,403,"A"
6,404,"A"
6,405,"A"
6,406,"A"
6,407,"A"
6,408,"A"
6,409,"A"
6,410,"A"
6,411,"A"
6,412,"A"
6,413,"A"
6,414,"A"
6,415,"A"
6,416,"A"
6,417,"A"
6,418,"A"
6,419,"A"
6,420,"A"
6,421,"A"
6,422,"A"
6,423,"A"
6,424,"A"
6,425,"A"
6,426,"A"
6,427,"A"
6,428,"A"
6,429,"A"
6,430,"A"
6,431,"A"
6,432,"A"
6,433,"A"
6,434,"A"
6,435,"A"
6,436,"A"
6,437,"A"
6,438,"A"
6,439,"A"
6,440,"A"
6,441,"A"
6,442,"A"
6,443,"A"
6,444,"A"
6,445,"A"
6,446,"A"
6,447,"A"
6,448,"A"
6,449,"A"
6,450,"A"
6,451,"A"
6,452,"A"
6,453,"A"
6,454,"A"
6,455,"A"
6,456,"A"
6,457,"A"
6,458,"A"
6,459,"A"
6,460,"A"
6,461,"A"
6,462,"A"
6,463,"A"
6,464,"A"
6,465,"A"
6,466,"A"
6,467,"A"
6,468,"A"
6,469,"A"
6,470,"A"
6,471,"A"
6,472,"A"
6,473,"A"
6,474,"A"
6,475,"A"
6,476,"A"
6,477,"A"
6,478,"A"
6,479,"A"
6,480,"A"
6,481,"A"
6,482,"A"
6,483,"A"
6,484,"A"
6,485,"A"
6,486,"A"
6,487,"A"
6,488,"A"
6,489,"A"
6,490,"A"
6,491,"A"
6,492,"A"
6,493,"A"
6,494,"A"
6,495,"A"
6,496,"A"
6,497,"A"
6,498,"A"
6,499,"A"
6,500,"A"
6,501,"A"
6,502,"A"
6,503,"A"
6,504,"A"
6,505,"A"
6,506,"A"
6,507,"A"
6,508,"A"
6,509,"A"
6,510,"A"
6,511,"A"
6,512,"A"
6,513,"A"
6,514,"A"
6,515,"A"
6,516,"A"
6,517,"A"
6,518,"A"
6,519,"A"
6,520,"A"
6,521,"A"
6,522,"A"
6,3442,"B"
6,3443,"B"
6,3444,"B"
6,3445,"B"
6,3446,"B"
6,3447,"B"
6,3448,"B"
6,3449,"B"
6,3450,"B"
6,3451,"B"
6,3452,"B"
6,3453,"B"
6,3454,"B"
6,3455,"B"
6,3456,"B"
6,3457,"B"
6,3458,"B"
6,3459,"B"
6,3460,"B"
6,3461,"B"
6,3462,"B"
6,3463,"B"
6,3464,"B"
6,3465,"B"
6,3466,"B"
6,3467,"B"
6,3468,"B"
6,3469,"B"
6,3470,"B"
6,3471,"B"
6,3472,"B"
6,3473,"B"
6,3474,"B"
6,3475,"B"
6,3476,"B"
6,3477,"B"
6,3478,"B"
6,3479,"B"
6,3480,"B"
6,3481,"B"
6,3482,"B"
6,3483,"B"
6,3484,"B"
6,3485,"B"
6,3486,"B"
6,3487,"B"
6,3488,"B"
6,3489,"B"
6,3490,"B"
6,3491,"B"
6,3492,"B"
6,3493,"B"
6,3494,"B"
6,3495,"B"
6,3496,"B"
6,3497,"B"
6,3498,"B"
6,3499,"B"
6,3500,"B"
6,3501,"B"
6,3502,"B"
6,3503,"B"
6,3504,"B"
6,3505,"B"
6,3506,"B"
6,3507,"B"
6,3508,"B"
6,3509,"B"
6,3510,"B"
6,3511,"B"
6,3512,"B"
6,3513,"B"
6,3514,"B"
6,3515,"B"
6,3516,"B"
6,3517,"B"
6,3518,"B"
6,3519,"B"
6,3520,"B"
6,3521,"B"
6,3522,"B"
6,3523,"B"
6,3524,"B"
6,3525,"B"
6,3526,"B"
6,3527,"B"
6,3528,"B"
6,3529,"B"
6,3530,"B"
6,3531,"B"
6,3532,"B"
6,3533,"B"
6,3534,"B"
6,3535,"B"
6,3536,"B"
6,3537,"B"
6,3538,"B"
6,3539,"B"
6,3540,"B"
6,3541,"B"
6,3542,"B"
6,3543,"B"
6,3544,"B"
6,3545,"B"
6,3546,"B"
6,3547,"B"
6,3548,"B"
6,3549,"B"
6,3550,"B"
6,3551,"B"
6,3552,"B"
6,3553,"B"
6,3554,"B"
6,3555,"B"
6,3556,"B"
6,3557,"B"
6,3558,"B"
6,3559,"B"
6,3560,"B"
6,3561,"B"
6,3562,"B"
6,3563,"B"
6,3564,"B"
6,3565,"B"
6,3566,"B"
6,3567,"B"
6,3568,"B"
6,3569,"B"
6,3570,"B"
6,3571,"B"
6,3572,"B"
6,3573,"B"
6,3574,"B"
6,3575,"B"
6,3576,"B"
6,3577,"B"
6,3578,"B"
6,3579,"B"
6,3580,"B"
6,3581,"B"
6,3582,"B"
6,3583,"B"
6,3584,"B"
7,523,"A"
7,524,"A"
7,525,"A"
7,526,"A"
7,527,"A"
7,528,"A"
7,529,"A"
7,530,"A"
7,531,"A"
7,532,"A"
7,533,"A"
7,534,"A"
7,535,"A"
7,536,"A"
7,537,"A"
7,538,"A"
7,539,"A"
7,540,"A"
7,541,"A"
7,542,"A"
7,543,"A"
7,544,"A"
7,545,"A"
7,546,"A"
7,547,"A"
7,548,"A"
7,549,"A"
7,550,"A"
7,551,"A"
7,552,"A"
7,553,"A"
7,554,"A"
7,555,"A"
7,556,"A"
7,557,"A"
7,558,"A"
7,559,"A"
7,560,"A"
7,561,"A"
7,562,"A"
7,563,"A"
7,564,"A"
7,565,"A"
7,566,"A"
7,567,"A"
7,568,"A"
7,569,"A"
7,570,"A"
7,571,"A"
7,572,"A"
7,573,"A"
7,574,"A"
7,575,"A"
7,576,"A"
7,577,"A"
7,578,"A"
7,579,"A"
7,580,"A"
7,581,"A"
7,582,"A"
7,583,"A"
7,584,"A"
7,585,"A"
7,586,"A"
7,587,"A"
7,588,"A"
7,589,"A"
7,590,"A"
7,591,"A"
7,592,"A"
7,593,"A"
7,594,"A"
7,595,"A"
7,596,"A"
7,597,"A"
7,598,"A"
7,599,"A"
7,600,"A"
7,601,"A"
7,602,"A"
7,603,"A"
7,604,"A"
7,605,"A"
7,606,"A"
7,607,"A"
7,608,"A"
7,609,"A"
7,3585,"B"
7,3586,"B"
7,3587,"B"
7,3588,"B"
7,3589,"B"
7,3590,"B"
7,3591,"B"
7,3592,"B"
7,3593,"B"
7,3594,"B"
7,3595,"B"
7,3596,"B"
7,3597,"B"
7,3598,"B"
7,3599,"B"
7,3600,"B"
7,3601,"B"
7,3602,"B"
7,3603,"B"
7,3604,"B"
7,3605,"B"
7,3606,"B"
7,3607,"B"
7,3608,"B"
7,3609,"B"
7,3610,"B"
7,3611,"B"
7,3612,"B"
7,3613,"B"
7,3614,"B"
7,3615,"B"
7,3616,"B"
7,3617,"B"
7,3618,"B"
7,3619,"B"
7,3620,"B"
7,3621,"B"
7,3622,"B"
7,3623,"B"
7,3624,"B"
7,3625,"B"
7,3626,"B"
7,3627,"B"
7,3628,"B"
7,3629,"B"
7,3630,"B"
7,3631,"B"
7,3632,"B"
7,3633,"B"
7,3634,"B"
7,3635,"B"
7,3636,"B"
7,3637,"B"
7,3638,"B"
7,3639,"B"
7,3640,"B"
7,3641,"B"
7,3642,"B"
7,3643,"B"
7,3644,"B"
7,3645,"B"
7,3646,"B"
7,3647,"B"
7,3648,"B"
7,3649,"B"
7,3650,"B"
7,3651,"B"
7,3652,"B"
7,3653,"B"
7,3654,"B"
7,3655,"B"
7,3656,"B"
7,3657,"B"
7,3658,"B"
7,3659,"B"
7,3660,"B"
7,3661,"B"
7,3662,"B"
7,3663,"B"
7,3664,"B"
7,3665,"B"
7,3666,"B"
7,3667,"B"
7,3668,"B"
7,3669,"B"
7,3670,"B"
7,3671,"B"
7,3672,"B"
7,3673,"B"
7,3674,"B"
7,3675,"B"
7,3676,"B"
7,3677,"B"
7,3678,"B"
7,3679,"B"
7,3680,"B"
7,3681,"B"
7,3682,"B"
7,3683,"B"
7,3684,"B"
7,3685,"B"
7,3686,"B"
7,3687,"B"
7,3688,"B"
7,3689,"B"
7,3690,"B"
7,3691,"B"
7,3692,"B"
7,3693,"B"
7,3694,"B"
7,3695,"B"
7,3696,"B"
7,3697,"B"
7,3698,"B"
7,3699,"B"
7,3700,"B"
7,3701,"B"
7,3702,"B"
7,3703,"B"
7,3704,"B"
7,3705,"B"
7,3706,"B"
7,3707,"B"
7,3708,"B"
8,610,"A"
8,611,"A"
8,612,"A"
8,613,"A"
8,614,"A"
8,615,"A"
8,616,"A"
8,617,"A"
8,618,"A"
8,619,"A"
8,620,"A"
8,621,"A"
8,622,"A"
8,623,"A"
8,624,"A"
8,625,"A"
8,626,"A"
8,627,"A"
8,628,"A"
8,629,"A"
8,630,"A"
8,631,"A"
8,632,"A"
8,633,"A"
8,634,"A"
8,635,"A"
8,636,"A"
8,637,"A"
8,638,"A"
8,639,"A"
8,640,"A"
8,641,"A"
8,642,"A"
8,643,"A"
8,644,"A"
8,645,"A"
8,646,"A"
8,647,"A"
8,648,"A"
8,649,"A"
8,650,"A"
8,651,"A"
8,652,"A"
8,653,"A"
8,654,"A"
8,655,"A"
8,656,"A"
8,657,"A"
8,658,"A"
8,659,"A"
8,660,"A"
8,661,"A"
8,662,"A"
8,663,"A"
8,664,"A"
8,665,"A"
8,666,"A"
8,667,"A"
8,668,"A"
8,669,"A"
8,670,"A"
8,671,"A"
8,672,"A"
8,673,"A"
8,674,"A"
8,675,"A"
8,676,"A"
8,677,"A"
8,678,"A"
8,679,"A"
8,680,"A"
8,681,"A"
8,682,"A"
8,683,"A"
8,684,"A"
8,685,"A"
8,686,"A"
8,687,"A"
8,688,"A"
8,689,"A"
8,690,"A"
8,691,"A"
8,692,"A"
8,693,"A"
8,694,"A"
8,695,"A"
8,696,"A"
8,697,"A"
8,698,"A"
8,699,"A"
8,700,"A"
8,701,"A"
8,702,"A"
8,703,"A"
8,704,"A"
8,705,"A"
8,706,"A"
8,707,"A"
8,708,"A"
8,709,"A"
8,710,"A"
8,711,"A"
8,712,"A"
8,713,"A"
8,714,"A"
8,715,"A"
8,716,"A"
8,717,"A"
8,718,"A"
8,719,"A"
8,720,"A"
8,721,"A"
8,722,"A"
8,723,"A"
8,724,"A"
8,725,"A"
8,726,"A"
8,727,"A"
8,728,"A"
8,729,"A"
8,3709,"B"
8,3710,"B"
8,3711,"B"
8,3712,"B"
8,3713,"B"
8,3714,"B"
8,3715,"B"
8,3716,"B"
8,3717,"B"
8,3718,"B"
8,3719,"B"
8,3720,"B"
8,3721,"B"
8,3722,"B"
8,3723,"B"
8,3724,"B"
8,3725,"B"
8,3726,"B"
8,3727,"B"
8,3728,"B"
8,3729,"B"
8,3730,"B"
8,3731,"B"
8,3732,"B"
8,3733,"B"
8,3734,"B"
8,3735,"B"
8,3736,"B"
8,3737,"B"
8,3738,"B"
8,3739,"B"
8,3740,"B"
8,3741,"B"
8,3742,"B"
8,3743,"B"
8,3744,"B"
8,3745,"B"
8,3746,"B"
8,3747,"B"
8,3748,"B"
8,3749,"B"
8,3750,"B"
8,3751,"B"
8,3752,"B"
8,3753,"B"
8,3754,"B"
8,3755,"B"
8,3756,"B"
8,3757,"B"
8,3758,"B"
8,3759,"B"
8,3760,"B"
8,3761,"B"
8,3762,"B"
8,3763,"B"
8,3764,"B"
8,3765,"B"
8,3766,"B"
8,3767,"B"
8,3768,"B"
8,3769,"B"
8,3770,"B"
8,3771,"B"
8,3772,"B"
8,3773,"B"
8,3774,"B"
8,3775,"B"
8,3776,"B"
8,3777,"B"
8,3778,"B"
8,3779,"B"
8,3780,"B"
8,3781,"B"
8,3782,"B"
8,3783,"B"
8,3784,"B"
8,3785,"B"
8,3786,"B"
8,3787,"B"
8,3788,"B"
8,3789,"B"
8,3790,"B"
8,3791,"B"
8,3792,"B"
8,3793,"B"
8,3794,"B"
8,3795,"B"
8,3796,"B"
8,3797,"B"
8,3798,"B"
8,3799,"B"
8,3800,"B"
8,3801,"B"
8,3802,"B"
8,3803,"B"
8,3804,"B"
8,3805,"B"
8,3806,"B"
8,3807,"B"
8,3808,"B"
8,3809,"B"
8,3810,"B"
8,3811,"B"
8,3812,"B"
8,3813,"B"
8,3814,"B"
8,3815,"B"
8,3816,"B"
8,3817,"B"
8,3818,"B"
8,3819,"B"
8,3820,"B"
8,3821,"B"
8,3822,"B"
8,3823,"B"
8,3824,"B"
8,3825,"B"
8,3826,"B"
8,3827,"B"
8,3828,"B"
8,3829,"B"
8,3830,"B"
8,3831,"B"
8,3832,"B"
8,3833,"B"
8,3834,"B"
8,3835,"B"
8,3836,"B"
8,3837,"B"
8,3838,"B"
8,3839,"B"
8,3840,"B"
8,3841,"B"
8,3842,"B"
8,3843,"B"
8,3844,"B"
8,3845,"B"
8,3846,"B"
8,3847,"B"
8,3848,"B"
8,3849,"B"
8,3850,"B"
8,3851,"B"
8,3852,"B"
8,3853,"B"
8,3854,"B"
8,3855,"B"
8,3856,"B"
8,3857,"B"
8,3858,"B"
8,3859,"B"
8,3860,"B"
8,3861,"B"
8,3862,"B"
8,3863,"B"
8,3864,"B"
8,3865,"B"
8,3866,"B"
8,3867,"B"
8,3868,"B"
8,3869,"B"
8,3870,"B"
8,3871,"B"
8,3872,"B"
8,3873,"B"
8,3874,"B"
8,3875,"B"
8,3876,"B"
8,3877,"B"
8,3878,"B"
8,3879,"B"
8,3880,"B"
8,3881,"B"
8,3882,"B"
8,3883,"B"
8,3884,"B"
8,3885,"B"
8,3886,"B"
8,3887,"B"
8,3888,"B"
8,3889,"B"
8,3890,"B"
8,3891,"B"
8,3892,"B"
8,3893,"B"
8,3894,"B"
8,3895,"B"
8,3896,"B"
8,3897,"B"
8,3898,"B"
8,3899,"B"
8,3900,"B"
8,3901,"B"
8,3902,"B"
8,3903,"B"
8,3904,"B"
8,3905,"B"
8,3906,"B"
8,3907,"B"
8,3908,"B"
8,3909,"B"
8,3910,"B"
9,730,"A"
9,731,"A"
9,732,"A"
9,733,"A"
9,734,"A"
9,735,"A"
9,736,"A"
9,737,"A"
9,738,"A"
9,739,"A"
9,740,"A"
9,741,"A"
9,742,"A"
9,743,"A"
9,744,"A"
9,745,"A"
9,746,"A"
9,747,"A"
9,748,"A"
9,749,"A"
9,750,"A"
9,751,"A"
9,752,"A"
9,753,"A"
9,754,"A"
9,755,"A"
9,756,"A"
9,757,"A"
9,758,"A"
9,759,"A"
9,760,"A"
9,761,"A"
9,762,"A"
9,763,"A"
9,764,"A"
9,765,"A"
9,766,"A"
9,767,"A"
9,768,"A"
9,769,"A"
9,770,"A"
9,771,"A"
9,772,"A"
9,773,"A"
9,774,"A"
9,775,"A"
9,776,"A"
9,777,"A"
9,778,"A"
9,779,"A"
9,780,"A"
9,781,"A"
9,782,"A"
9,783,"A"
9,784,"A"
9,785,"A"
9,786,"A"
9,787,"A"
9,788,"A"
9,789,"A"
9,790,"A"
9,791,"A"
9,792,"A"
9,793,"A"
9,794,"A"
9,795,"A"
9,796,"A"
9,797,"A"
9,798,"A"
9,799,"A"
9,800,"A"
9,801,"A"
9,802,"A"
9,803,"A"
9,804,"A"
9,805,"A"
9,806,"A"
9,807,"A"
9,3911,"B"
9,3912,"B"
9,3913,"B"
9,3914,"B"
9,3915,"B"
9,3916,"B"
9,3917,"B"
9,3918,"B"
9,3919,"B"
9,3920,"B"
9,3921,"B"
9,3922,"B"
9,3923,"B"
9,3924,"B"
9,3925,"B"
9,3926,"B"
9,3927,"B"
9,3928,"B"
9,3929,"B"
9,3930,"B"
9,3931,"B"
9,3932,"B"
9,3933,"B"
9,3934,"B"
9,3935,"B"
9,3936,"B"
9,3937,"B"
9,3938,"B"
9,3939,"B"
9,3940,"B"
9,3941,"B"
9,3942,"B"
9,3943,"B"
9,3944,"B"
9,3945,"B"
9,3946,"B"
9,3947,"B"
9,3948,"B"
9,3949,"B"
9,3950,"B"
9,3951,"B"
9,3952,"B"
9,3953,"B"
9,3954,"B"
9,3955,"B"
9,3956,"B"
9,3957,"B"
9,3958,"B"
9,3959,"B"
9,3960,"B"
9,3961,"B"
9,3962,"B"
9,3963,"B"
9,3964,"B"
9,3965,"B"
9,3966,"B"
9,3967,"B"
9,3968,"B"
9,3969,"B"
9,3970,"B"
9,3971,"B"
9,3972,"B"
9,3973,"B"
9,3974,"B"
9,3975,"B"
9,3976,"B"
9,3977,"B"
9,3978,"B"
9,3979,"B"
9,3980,"B"
9,3981,"B"
9,3982,"B"
9,3983,"B"
9,3984,"B"
9,3985,"B"
9,3986,"B"
9,3987,"B"
9,3988,"B"
9,3989,"B"
9,3990,"B"
9,3991,"B"
9,3992,"B"
9,3993,"B"
9,3994,"B"
9,3995,"B"
9,3996,"B"
9,3997,"B"
9,3998,"B"
9,3999,"B"
9,4000,"B"
9,4001,"B"
9,4002,"B"
9,4003,"B"
9,4004,"B"
9,4005,"B"
9,4006,"B"
9,4007,"B"
9,4008,"B"
9,4009,"B"
9,4010,"B"
9,4011,"B"
9,4012,"B"
9,4013,"B"
9,4014,"B"
9,4015,"B"
9,4016,"B"
9,4017,"B"
9,4018,"B"
9,4019,"B"
10,808,"A"
10,809,"A"
10,810,"A"
10,811,"A"
10,812,"A"
10,813,"A"
10,814,"A"
10,815,"A"
10,816,"A"
10,817,"A"
10,818,"A"
10,819,"A"
10,820,"A"
10,821,"A"
10,822,"A"
10,823,"A"
10,824,"A"
10,825,"A"
10,826,"A"
10,827,"A"
10,828,"A"
10,829,"A"
10,830,"A"
10,831,"A"
10,832,"A"
10,833,"A"
10,834,"A"
10,835,"A"
10,836,"A"
10,837,"A"
10,838,"A"
10,839,"A"
10,840,"A"
10,841,"A"
10,842,"A"
10,843,"A"
10,844,"A"
10,845,"A"
10,846,"A"
10,847,"A"
10,848,"A"
10,849,"A"
10,850,"A"
10,851,"A"
10,852,"A"
10,853,"A"
10,854,"A"
10,855,"A"
10,856,"A"
10,857,"A"
10,858,"A"
10,859,"A"
10,860,"A"
10,861,"A"
10,862,"A"
10,863,"A"
10,864,"A"
10,865,"A"
10,866,"A"
10,867,"A"
10,868,"A"
10,869,"A"
10,870,"A"
10,871,"A"
10,872,"A"
10,873,"A"
10,874,"A"
10,875,"A"
10,876,"A"
10,877,"A"
10,878,"A"
10,879,"A"
10,880,"A"
10,881,"A"
10,882,"A"
10,883,"A"
10,884,"A"
10,885,"A"
10,886,"A"
10,887,"A"
10,888,"A"
10,889,"A"
10,890,"A"
10,891,"A"
10,892,"A"
10,893,"A"
10,894,"A"
10,895,"A"
10,896,"A"
10,897,"A"
10,898,"A"
10,899,"A"
10,900,"A"
10,901,"A"
10,902,"A"
10,903,"A"
10,904,"A"
10,905,"A"
10,906,"A"
10,907,"A"
10,908,"A"
10,909,"A"
10,910,"A"
10,911,"A"
10,912,"A"
10,913,"A"
10,914,"A"
10,915,"A"
10,916,"A"
10,917,"A"
10,918,"A"
10,919,"A"
10,920,"A"
10,921,"A"
10,922,"A"
10,923,"A"
10,924,"A"
10,925,"A"
10,926,"A"
10,927,"A"
10,928,"A"
10,929,"A"
10,930,"A"
10,4020,"B"
10,4021,"B"
10,4022,"B"
10,4023,"B"
10,4024,"B"
10,4025,"B"
10,4026,"B"
10,4027,"B"
10,4028,"B"
10,4029,"B"
10,4030,"B"
10,4031,"B"
10,4032,"B"
10,4033,"B"
10,4034,"B"
10,4035,"B"
10,4036,"B"
10,4037,"B"
10,4038,"B"
10,4039,"B"
10,4040,"B"
10,4041,"B"
10,4042,"B"
10,4043,"B"
10,4044,"B"
10,4045,"B"
10,4046,"B"
10,4047,"B"
10,4048,"B"
10,4049,"B"
10,4050,"B"
10,4051,"B"
10,4052,"B"
10,4053,"B"
10,4054,"B"
10,4055,"B"
10,4056,"B"
10,4057,"B"
10,4058,"B"
10,4059,"B"
10,4060,"B"
10,4061,"B"
10,4062,"B"
10,4063,"B"
10,4064,"B"
10,4065,"B"
10,4066,"B"
10,4067,"B"
10,4068,"B"
10,4069,"B"
10,4070,"B"
10,4071,"B"
10,4072,"B"
10,4073,"B"
10,4074,"B"
10,4075,"B"
10,4076,"B"
10,4077,"B"
10,4078,"B"
10,4079,"B"
10,4080,"B"
10,4081,"B"
10,4082,"B"
10,4083,"B"
10,4084,"B"
10,4085,"B"
10,4086,"B"
10,4087,"B"
10,4088,"B"
10,4089,"B"
10,4090,"B"
10,4091,"B"
10,4092,"B"
10,4093,"B"
10,4094,"B"
10,4095,"B"
10,4096,"B"
10,4097,"B"
10,4098,"B"
10,4099,"B"
10,4100,"B"
10,4101,"B"
10,4102,"B"
10,4103,"B"
10,4104,"B"
10,4105,"B"
10,4106,"B"
10,4107,"B"
10,4108,"B"
10,4109,"B"
10,4110,"B"
10,4111,"B"
10,4112,"B"
10,4113,"B"
10,4114,"B"
10,4115,"B"
10,4116,"B"
10,4117,"B"
10,4118,"B"
10,4119,"B"
10,4120,"B"
10,4121,"B"
10,4122,"B"
10,4123,"B"
10,4124,"B"
10,4125,"B"
10,4126,"B"
10,4127,"B"
10,4128,"B"
10,4129,"B"
10,4130,"B"
10,4131,"B"
10,4132,"B"
10,4133,"B"
11,931,"A"
11,932,"A"
11,933,"A"
11,934,"A"
11,935,"A"
11,936,"A"
11,937,"A"
11,938,"A"
11,939,"A"
11,940,"A"
11,941,"A"
11,942,"A"
11,943,"A"
11,944,"A"
11,945,"A"
11,946,"A"
11,947,"A"
11,948,"A"
11,949,"A"
11,950,"A"
11,951,"A"
11,952,"A"
11,953,"A"
11,954,"A"
11,955,"A"
11,956,"A"
11,957,"A"
11,958,"A"
11,959,"A"
11,960,"A"
11,961,"A"
11,962,"A"
11,963,"A"
11,964,"A"
11,965,"A"
11,966,"A"
11,967,"A"
11,968,"A"
11,969,"A"
11,970,"A"
11,971,"A"
11,972,"A"
11,973,"A"
11,974,"A"
11,975,"A"
11,976,"A"
11,977,"A"
11,978,"A"
11,979,"A"
11,980,"A"
11,981,"A"
11,982,"A"
11,983,"A"
11,984,"A"
11,985,"A"
11,986,"A"
11,987,"A"
11,988,"A"
11,989,"A"
11,990,"A"
11,991,"A"
11,992,"A"
11,993,"A"
11,994,"A"
11,995,"A"
11,996,"A"
11,997,"A"
11,998,"A"
11,999,"A"
11,1000,"A"
11,1001,"A"
11,1002,"A"
11,1003,"A"
11,1004,"A"
11,1005,"A"
11,1006,"A"
11,1007,"A"
11,1008,"A"
11,1009,"A"
11,1010,"A"
11,1011,"A"
11,1012,"A"
11,1013,"A"
11,1014,"A"
11,1015,"A"
11,1016,"A"
11,1017,"A"
11,1018,"A"
11,1019,"A"
11,1020,"A"
11,1021,"A"
11,1022,"A"
11,1023,"A"
11,1024,"A"
11,1025,"A"
11,1026,"A"
11,1027,"A"
11,1028,"A"
11,1029,"A"
11,1030,"A"
11,1031,"A"
11,1032,"A"
11,1033,"A"
11,1034,"A"
11,1035,"A"
11,1036,"A"
11,1037,"A"
11,4134,"B"
11,4135,"B"
11,4136,"B"
11,4137,"B"
11,4138,"B"
11,4139,"B"
11,4140,"B"
11,4141,"B"
11,4142,"B"
11,4143,"B"
11,4144,"B"
11,4145,"B"
11,4146,"B"
11,4147,"B"
11,4148,"B"
11,4149,"B"
11,4150,"B"
11,4151,"B"
11,4152,"B"
11,4153,"B"
11,4154,"B"
11,4155,"B"
11,4156,"B"
11,4157,"B"
11,4158,"B"
11,4159,"B"
11,4160,"B"
11,4161,"B"
11,4162,"B"
11,4163,"B"
11,4164,"B"
11,4165,"B"
11,4166,"B"
11,4167,"B"
11,4168,"B"
11,4169,"B"
11,4170,"B"
11,4171,"B"
11,4172,"B"
11,4173,"B"
11,4174,"B"
11,4175,"B"
11,4176,"B"
11,4177,"B"
11,4178,"B"
11,4179,"B"
11,4180,"B"
11,4181,"B"
11,4182,"B"
11,4183,"B"
11,4184,"B"
11,4185,"B"
11,4186,"B"
11,4187,"B"
11,4188,"B"
11,4189,"B"
11,4190,"B"
11,4191,"B"
11,4192,"B"
11,4193,"B"
11,4194,"B"
11,4195,"B"
11,4196,"B"
11,4197,"B"
11,4198,"B"
11,4199,"B"
11,4200,"B"
11,4201,"B"
11,4202,"B"
11,4203,"B"
11,4204,"B"
11,4205,"B"
11,4206,"B"
11,4207,"B"
11,4208,"B"
11,4209,"B"
11,4210,"B"
11,4211,"B"
11,4212,"B"
11,4213,"B"
11,4214,"B"
11,4215,"B"
11,4216,"B"
11,4217,"B"
11,4218,"B"
11,4219,"B"
11,4220,"B"
11,4221,"B"
11,4222,"B"
12,1038,"A"
12,1039,"A"
12,1040,"A"
12,1041,"A"
12,1042,"A"
12,1043,"A"
12,1044,"A"
12,1045,"A"
12,1046,"A"
12,1047,"A"
12,1048,"A"
12,1049,"A"
12,1050,"A"
12,1051,"A"
12,1052,"A"
12,1053,"A"
12,1054,"A"
12,1055,"A"
12,1056,"A"
12,1057,"A"
12,1058,"A"
12,1059,"A"
12,1060,"A"
12,1061,"A"
12,1062,"A"
12,1063,"A"
12,1064,"A"
12,1065,"A"
12,1066,"A"
12,1067,"A"
12,1068,"A"
12,1069,"A"
12,1070,"A"
12,1071,"A"
12,1072,"A"
12,1073,"A"
12,1074,"A"
12,1075,"A"
12,1076,"A"
12,1077,"A"
12,1078,"A"
12,1079,"A"
12,1080,"A"
12,1081,"A"
12,1082,"A"
12,1083,"A"
12,1084,"A"
12,1085,"A"
12,1086,"A"
12,1087,"A"
12,1088,"A"
12,1089,"A"
12,1090,"A"
12,1091,"A"
12,1092,"A"
12,1093,"A"
12,1094,"A"
12,1095,"A"
12,1096,"A"
12,1097,"A"
12,1098,"A"
12,1099,"A"
12,1100,"A"
12,1101,"A"
12,1102,"A"
12,1103,"A"
12,1104,"A"
12,1105,"A"
12,1106,"A"
12,1107,"A"
12,1108,"A"
12,1109,"A"
12,1110,"A"
12,1111,"A"
12,1112,"A"
12,1113,"A"
12,1114,"A"
12,1115,"A"
12,1116,"A"
12,1117,"A"
12,1118,"A"
12,1119,"A"
12,1120,"A"
12,1121,"A"
12,1122,"A"
12,1123,"A"
12,1124,"A"
12,1125,"A"
12,1126,"A"
12,1127,"A"
12,1128,"A"
12,1129,"A"
12,1130,"A"
12,1131,"A"
12,1132,"A"
12,1133,"A"
12,1134,"A"
12,1135,"A"
12,1136,"A"
12,1137,"A"
12,1138,"A"
12,1139,"A"
12,1140,"A"
12,1141,"A"
12,1142,"A"
12,1143,"A"
12,4223,"B"
12,4224,"B"
12,4225,"B"
12,4226,"B"
12,4227,"B"
12,4228,"B"
12,4229,"B"
12,4230,"B"
12,4231,"B"
12,4232,"B"
12,4233,"B"
12,4234,"B"
12,4235,"B"
12,4236,"B"
12,4237,"B"
12,4238,"B"
12,4239,"B"
12,4240,"B"
12,4241,"B"
12,4242,"B"
12,4243,"B"
12,4244,"B"
12,4245,"B"
12,4246,"B"
12,4247,"B"
12,4248,"B"
12,4249,"B"
12,4250,"B"
12,4251,"B"
12,4252,"B"
12,4253,"B"
12,4254,"B"
12,4255,"B"
12,4256,"B"
12,4257,"B"
12,4258,"B"
12,4259,"B"
12,4260,"B"
12,4261,"B"
12,4262,"B"
12,4263,"B"
12,4264,"B"
12,4265,"B"
12,4266,"B"
12,4267,"B"
12,4268,"B"
12,4269,"B"
12,4270,"B"
12,4271,"B"
12,4272,"B"
12,4273,"B"
12,4274,"B"
12,4275,"B"
12,4276,"B"
12,4277,"B"
12,4278,"B"
12,4279,"B"
12,4280,"B"
12,4281,"B"
12,4282,"B"
12,4283,"B"
12,4284,"B"
12,4285,"B"
12,4286,"B"
12,4287,"B"
12,4288,"B"
12,4289,"B"
12,4290,"B"
12,4291,"B"
12,4292,"B"
12,4293,"B"
12,4294,"B"
12,4295,"B"
12,4296,"B"
12,4297,"B"
12,4298,"B"
12,4299,"B"
12,4300,"B"
12,4301,"B"
12,4302,"B"
12,4303,"B"
12,4304,"B"
12,4305,"B"
12,4306,"B"
12,4307,"B"
12,4308,"B"
12,4309,"B"
12,4310,"B"
12,4311,"B"
12,4312,"B"
12,4313,"B"
12,4314,"B"
12,4315,"B"
12,4316,"B"
12,4317,"B"
12,4318,"B"
12,4319,"B"
12,4320,"B"
12,4321,"B"
12,4322,"B"
12,4323,"B"
12,4324,"B"
12,4325,"B"
12,4326,"B"
12,4327,"B"
12,4328,"B"
12,4329,"B"
12,4330,"B"
12,4331,"B"
12,4332,"B"
12,4333,"B"
13,1144,"A"
13,1145,"A"
13,1146,"A"
13,1147,"A"
13,1148,"A"
13,1149,"A"
13,1150,"A"
13,1151,"A"
13,1152,"A"
13,1153,"A"
13,1154,"A"
13,1155,"A"
13,1156,"A"
13,1157,"A"
13,1158,"A"
13,1159,"A"
13,1160,"A"
13,1161,"A"
13,1162,"A"
13,1163,"A"
13,1164,"A"
13,1165,"A"
13,1166,"A"
13,1167,"A"
13,1168,"A"
13,1169,"A"
13,1170,"A"
13,1171,"A"
13,1172,"A"
13,1173,"A"
13,1174,"A"
13,1175,"A"
13,1176,"A"
13,1177,"A"
13,1178,"A"
13,1179,"A"
13,1180,"A"
13,1181,"A"
13,1182,"A"
13,1183,"A"
13,1184,"A"
13,1185,"A"
13,1186,"A"
13,1187,"A"
13,1188,"A"
13,1189,"A"
13,1190,"A"
13,1191,"A"
13,1192,"A"
13,1193,"A"
13,1194,"A"
13,1195,"A"
13,1196,"A"
13,1197,"A"
13,1198,"A"
13,1199,"A"
13,1200,"A"
13,1201,"A"
13,1202,"A"
13,1203,"A"
13,1204,"A"
13,1205,"A"
13,1206,"A"
13,1207,"A"
13,1208,"A"
13,1209,"A"
13,4334,"B"
13,4335,"B"
13,4336,"B"
13,4337,"B"
13,4338,"B"
13,4339,"B"
13,4340,"B"
13,4341,"B"
13,4342,"B"
13,4343,"B"
13,4344,"B"
13,4345,"B"
13,4346,"B"
13,4347,"B"
13,4348,"B"
13,4349,"B"
13,4350,"B"
13,4351,"B"
13,4352,"B"
13,4353,"B"
13,4354,"B"
13,4355,"B"
13,4356,"B"
13,4357,"B"
13,4358,"B"
13,4359,"B"
13,4360,"B"
13,4361,"B"
13,4362,"B"
13,4363,"B"
13,4364,"B"
13,4365,"B"
13,4366,"B"
13,4367,"B"
13,4368,"B"
13,4369,"B"
13,4370,"B"
13,4371,"B"
13,4372,"B"
13,4373,"B"
13,4374,"B"
13,4375,"B"
13,4376,"B"
13,4377,"B"
13,4378,"B"
13,4379,"B"
13,4380,"B"
13,4381,"B"
13,4382,"B"
13,4383,"B"
13,4384,"B"
13,4385,"B"
13,4386,"B"
13,4387,"B"
13,4388,"B"
13,4389,"B"
13,4390,"B"
13,4391,"B"
13,4392,"B"
13,4393,"B"
13,4394,"B"
13,4395,"B"
13,4396,"B"
13,4397,"B"
13,4398,"B"
13,4399,"B"
13,4400,"B"
13,4401,"B"
13,4402,"B"
13,4403,"B"
13,4404,"B"
13,4405,"B"
13,4406,"B"
13,4407,"B"
13,4408,"B"
13,4409,"B"
13,4410,"B"
13,4411,"B"
13,4412,"B"
13,4413,"B"
13,4414,"B"
13,4415,"B"
13,4416,"B"
13,4417,"B"
13,4418,"B"
13,4419,"B"
13,4420,"B"
13,4421,"B"
13,4422,"B"
13,4423,"B"
13,4424,"B"
13,4425,"B"
13,4426,"B"
13,4427,"B"
13,4428,"B"
13,4429,"B"
13,4430,"B"
13,4431,"B"
13,4432,"B"
14,1210,"A"
14,1211,"A"
14,1212,"A"
14,1213,"A"
14,1214,"A"
14,1215,"A"
14,1216,"A"
14,1217,"A"
14,1218,"A"
14,1219,"A"
14,1220,"A"
14,1221,"A"
14,1222,"A"
14,1223,"A"
14,1224,"A"
14,1225,"A"
14,1226,"A"
14,1227,"A"
14,1228,"A"
14,1229,"A"
14,1230,"A"
14,1231,"A"
14,1232,"A"
14,1233,"A"
14,1234,"A"
14,1235,"A"
14,1236,"A"
14,1237,"A"
14,1238,"A"
14,1239,"A"
14,1240,"A"
14,1241,"A"
14,1242,"A"
14,1243,"A"
14,1244,"A"
14,1245,"A"
14,1246,"A"
14,1247,"A"
14,1248,"A"
14,1249,"A"
14,1250,"A"
14,1251,"A"
14,1252,"A"
14,1253,"A"
14,1254,"A"
14,1255,"A"
14,1256,"A"
14,1257,"A"
14,1258,"A"
14,1259,"A"
14,1260,"A"
14,1261,"A"
14,1262,"A"
14,1263,"A"
14,1264,"A"
14,1265,"A"
14,1266,"A"
14,1267,"A"
14,1268,"A"
14,1269,"A"
14,1270,"A"
14,1271,"A"
14,1272,"A"
14,1273,"A"
14,1274,"A"
14,1275,"A"
14,1276,"A"
14,1277,"A"
14,1278,"A"
14,1279,"A"
14,1280,"A"
14,1281,"A"
14,1282,"A"
14,1283,"A"
14,1284,"A"
14,1285,"A"
14,1286,"A"
14,1287,"A"
14,1288,"A"
14,1289,"A"
14,1290,"A"
14,1291,"A"
14,1292,"A"
14,1293,"A"
14,1294,"A"
14,1295,"A"
14,1296,"A"
14,1297,"A"
14,1298,"A"
14,1299,"A"
14,1300,"A"
14,1301,"A"
14,1302,"A"
14,1303,"A"
14,1304,"A"
14,1305,"A"
14,1306,"A"
14,1307,"A"
14,1308,"A"
14,1309,"A"
14,1310,"A"
14,1311,"A"
14,1312,"A"
14,1313,"A"
14,1314,"A"
14,1315,"A"
14,1316,"A"
14,1317,"A"
14,1318,"A"
14,1319,"A"
14,1320,"A"
14,1321,"A"
14,1322,"A"
14,1323,"A"
14,1324,"A"
14,1325,"A"
14,1326,"A"
14,1327,"A"
14,1328,"A"
14,1329,"A"
14,1330,"A"
14,1331,"A"
14,1332,"A"
14,1333,"A"
14,1334,"A"
14,1335,"A"
14,1336,"A"
14,1337,"A"
14,1338,"A"
14,1339,"A"
14,1340,"A"
14,1341,"A"
14,1342,"A"
14,1343,"A"
14,1344,"A"
14,1345,"A"
14,1346,"A"
14,1347,"A"
14,1348,"A"
14,1349,"A"
14,1350,"A"
14,1351,"A"
14,1352,"A"
14,1353,"A"
14,1354,"A"
14,1355,"A"
14,1356,"A"
14,1357,"A"
14,1358,"A"
14,1359,"A"
14,1360,"A"
14,1361,"A"
14,1362,"A"
14,1363,"A"
14,1364,"A"
14,1365,"A"
14,1366,"A"
14,1367,"A"
14,4433,"B"
14,4434,"B"
14,4435,"B"
14,4436,"B"
14,4437,"B"
14,4438,"B"
14,4439,"B"
14,4440,"B"
14,4441,"B"
14,4442,"B"
14,4443,"B"
14,4444,"B"
14,4445,"B"
14,4446,"B"
14,4447,"B"
14,4448,"B"
14,4449,"B"
14,4450,"B"
14,4451,"B"
14,4452,"B"
14,4453,"B"
14,4454,"B"
14,4455,"B"
14,4456,"B"
14,4457,"B"
14,4458,"B"
14,4459,"B"
14,4460,"B"
14,4461,"B"
14,4462,"B"
14,4463,"B"
14,4464,"B"
14,4465,"B"
14,4466,"B"
14,4467,"B"
14,4468,"B"
14,4469,"B"
14,4470,"B"
14,4471,"B"
14,4472,"B"
14,4473,"B"
14,4474,"B"
14,4475,"B"
14,4476,"B"
14,4477,"B"
14,4478,"B"
14,4479,"B"
14,4480,"B"
14,4481,"B"
14,4482,"B"
14,4483,"B"
14,4484,"B"
14,4485,"B"
14,4486,"B"
14,4487,"B"
14,4488,"B"
14,4489,"B"
14,4490,"B"
14,4491,"B"
14,4492,"B"
14,4493,"B"
15,1368,"A"
15,1369,"A"
15,1370,"A"
15,1371,"A"
15,1372,"A"
15,1373,"A"
15,1374,"A"
15,1375,"A"
15,1376,"A"
15,1377,"A"
15,1378,"A"
15,1379,"A"
15,1380,"A"
15,1381,"A"
15,1382,"A"
15,1383,"A"
15,1384,"A"
15,1385,"A"
15,1386,"A"
15,1387,"A"
15,1388,"A"
15,1389,"A"
15,1390,"A"
15,1391,"A"
15,1392,"A"
15,1393,"A"
15,1394,"A"
15,1395,"A"
15,1396,"A"
15,1397,"A"
15,1398,"A"
15,1399,"A"
15,1400,"A"
15,1401,"A"
15,1402,"A"
15,1403,"A"
15,1404,"A"
15,1405,"A"
15,1406,"A"
15,1407,"A"
15,1408,"A"
15,1409,"A"
15,1410,"A"
15,1411,"A"
15,1412,"A"
15,1413,"A"
15,1414,"A"
15,1415,"A"
15,1416,"A"
15,1417,"A"
15,1418,"A"
15,1419,"A"
15,1420,"A"
15,1421,"A"
15,1422,"A"
15,1423,"A"
15,1424,"A"
15,1425,"A"
15,1426,"A"
15,1427,"A"
15,1428,"A"
15,1429,"A"
15,1430,"A"
15,1431,"A"
15,1432,"A"
15,1433,"A"
15,1434,"A"
15,1435,"A"
15,1436,"A"
15,1437,"A"
15,1438,"A"
15,1439,"A"
15,1440,"A"
15,1441,"A"
15,1442,"A"
15,1443,"A"
15,1444,"A"
15,1445,"A"
15,1446,"A"
15,1447,"A"
15,1448,"A"
15,1449,"A"
15,1450,"A"
15,1451,"A"
15,1452,"A"
15,4494,"B"
15,4495,"B"
15,4496,"B"
15,4497,"B"
15,4498,"B"
15,4499,"B"
15,4500,"B"
15,4501,"B"
15,4502,"B"
15,4503,"B"
15,4504,"B"
15,4505,"B"
15,4506,"B"
15,4507,"B"
15,4508,"B"
15,4509,"B"
15,4510,"B"
15,4511,"B"
15,4512,"B"
15,4513,"B"
15,4514,"B"
15,4515,"B"
15,4516,"B"
15,4517,"B"
15,4518,"B"
15,4519,"B"
15,4520,"B"
15,4521,"B"
15,4522,"B"
15,4523,"B"
15,4524,"B"
15,4525,"B"
15,4526,"B"
15,4527,"B"
15,4528,"B"
15,4529,"B"
15,4530,"B"
15,4531,"B"
15,4532,"B"
15,4533,"B"
15,4534,"B"
15,4535,"B"
15,4536,"B"
15,4537,"B"
15,4538,"B"
15,4539,"B"
15,4540,"B"
15,4541,"B"
15,4542,"B"
15,4543,"B"
15,4544,"B"
15,4545,"B"
15,4546,"B"
15,4547,"B"
15,4548,"B"
15,4549,"B"
15,4550,"B"
15,4551,"B"
15,4552,"B"
15,4553,"B"
15,4554,"B"
15,4555,"B"
15,4556,"B"
15,4557,"B"
15,4558,"B"
15,4559,"B"
15,4560,"B"
15,4561,"B"
15,4562,"B"
15,4563,"B"
15,4564,"B"
15,4565,"B"
15,4566,"B"
15,4567,"B"
15,4568,"B"
15,4569,"B"
15,4570,"B"
15,4571,"B"
15,4572,"B"
15,4573,"B"
15,4574,"B"
15,4575,"B"
15,4576,"B"
15,4577,"B"
15,4578,"B"
16,1453,"A"
16,1454,"A"
16,1455,"A"
16,1456,"A"
16,1457,"A"
16,1458,"A"
16,1459,"A"
16,1460,"A"
16,1461,"A"
16,1462,"A"
16,1463,"A"
16,1464,"A"
16,1465,"A"
16,1466,"A"
16,1467,"A"
16,1468,"A"
16,1469,"A"
16,1470,"A"
16,1471,"A"
16,1472,"A"
16,1473,"A"
16,1474,"A"
16,1475,"A"
16,1476,"A"
16,1477,"A"
16,1478,"A"
16,1479,"A"
16,1480,"A"
16,1481,"A"
16,1482,"A"
16,1483,"A"
16,1484,"A"
16,1485,"A"
16,1486,"A"
16,1487,"A"
16,1488,"A"
16,1489,"A"
16,1490,"A"
16,1491,"A"
16,1492,"A"
16,1493,"A"
16,1494,"A"
16,1495,"A"
16,1496,"A"
16,1497,"A"
16,1498,"A"
16,1499,"A"
16,1500,"A"
16,1501,"A"
16,1502,"A"
16,1503,"A"
16,1504,"A"
16,1505,"A"
16,1506,"A"
16,1507,"A"
16,1508,"A"
16,1509,"A"
16,1510,"A"
16,1511,"A"
16,1512,"A"
16,1513,"A"
16,1514,"A"
16,1515,"A"
16,1516,"A"
16,1517,"A"
16,1518,"A"
16,1519,"A"
16,1520,"A"
16,1521,"A"
16,1522,"A"
16,1523,"A"
16,1524,"A"
16,1525,"A"
16,1526,"A"
16,1527,"A"
16,1528,"A"
16,1529,"A"
16,1530,"A"
16,1531,"A"
16,1532,"A"
16,1533,"A"
16,1534,"A"
16,1535,"A"
16,1536,"A"
16,1537,"A"
16,1538,"A"
16,1539,"A"
16,1540,"A"
16,1541,"A"
16,1542,"A"
16,1543,"A"
16,1544,"A"
16,1545,"A"
16,1546,"A"
16,1547,"A"
16,1548,"A"
16,1549,"A"
16,1550,"A"
16,1551,"A"
16,1552,"A"
16,1553,"A"
16,1554,"A"
16,1555,"A"
16,1556,"A"
16,1557,"A"
16,1558,"A"
16,1559,"A"
16,1560,"A"
16,1561,"A"
16,1562,"A"
16,1563,"A"
16,4579,"B"
16,4580,"B"
16,4581,"B"
16,4582,"B"
16,4583,"B"
16,4584,"B"
16,4585,"B"
16,4586,"B"
16,4587,"B"
16,4588,"B"
16,4589,"B"
16,4590,"B"
16,4591,"B"
16,4592,"B"
16,4593,"B"
16,4594,"B"
16,4595,"B"
16,4596,"B"
16,4597,"B"
16,4598,"B"
16,4599,"B"
16,4600,"B"
16,4601,"B"
16,4602,"B"
16,4603,"B"
16,4604,"B"
16,4605,"B"
16,4606,"B"
16,4607,"B"
16,4608,"B"
16,4609,"B"
16,4610,"B"
16,4611,"B"
16,4612,"B"
16,4613,"B"
16,4614,"B"
16,4615,"B"
16,4616,"B"
16,4617,"B"
16,4618,"B"
16,4619,"B"
16,4620,"B"
16,4621,"B"
16,4622,"B"
16,4623,"B"
16,4624,"B"
16,4625,"B"
16,4626,"B"
16,4627,"B"
16,4628,"B"
16,4629,"B"
16,4630,"B"
16,4631,"B"
16,4632,"B"
16,4633,"B"
16,4634,"B"
16,4635,"B"
16,4636,"B"
16,4637,"B"
16,4638,"B"
16,4639,"B"
16,4640,"B"
16,4641,"B"
16,4642,"B"
16,4643,"B"
16,4644,"B"
16,4645,"B"
16,4646,"B"
16,4647,"B"
16,4648,"B"
16,4649,"B"
16,4650,"B"
16,4651,"B"
16,4652,"B"
16,4653,"B"
16,4654,"B"
16,4655,"B"
16,4656,"B"
16,4657,"B"
16,4658,"B"
16,4659,"B"
16,4660,"B"
16,4661,"B"
16,4662,"B"
16,4663,"B"
16,4664,"B"
16,4665,"B"
16,4666,"B"
16,4667,"B"
16,4668,"B"
16,4669,"B"
16,4670,"B"
16,4671,"B"
16,4672,"B"
16,4673,"B"
16,4674,"B"
16,4675,"B"
16,4676,"B"
16,4677,"B"
16,4678,"B"
16,4679,"B"
16,4680,"B"
16,4681,"B"
16,4682,"B"
16,4683,"B"
16,4684,"B"
16,4685,"B"
16,4686,"B"
16,4687,"B"
16,4688,"B"
16,4689,"B"
16,4690,"B"
16,4691,"B"
16,4692,"B"
16,4693,"B"
16,4694,"B"
16,4695,"B"
16,4696,"B"
16,4697,"B"
16,4698,"B"
16,4699,"B"
16,4700,"B"
17,1564,"A"
17,1565,"A"
17,1566,"A"
17,1567,"A"
17,1568,"A"
17,1569,"A"
17,1570,"A"
17,1571,"A"
17,1572,"A"
17,1573,"A"
17,1574,"A"
17,1575,"A"
17,1576,"A"
17,1577,"A"
17,1578,"A"
17,1579,"A"
17,1580,"A"
17,1581,"A"
17,1582,"A"
17,1583,"A"
17,1584,"A"
17,1585,"A"
17,1586,"A"
17,1587,"A"
17,1588,"A"
17,1589,"A"
17,1590,"A"
17,1591,"A"
17,1592,"A"
17,1593,"A"
17,1594,"A"
17,1595,"A"
17,1596,"A"
17,1597,"A"
17,1598,"A"
17,1599,"A"
17,1600,"A"
17,1601,"A"
17,1602,"A"
17,1603,"A"
17,1604,"A"
17,1605,"A"
17,1606,"A"
17,1607,"A"
17,1608,"A"
17,1609,"A"
17,1610,"A"
17,1611,"A"
17,1612,"A"
17,1613,"A"
17,1614,"A"
17,1615,"A"
17,1616,"A"
17,1617,"A"
17,1618,"A"
17,1619,"A"
17,1620,"A"
17,1621,"A"
17,1622,"A"
17,1623,"A"
17,1624,"A"
17,1625,"A"
17,1626,"A"
17,1627,"A"
17,1628,"A"
17,1629,"A"
17,1630,"A"
17,1631,"A"
17,1632,"A"
17,4701,"B"
17,4702,"B"
17,4703,"B"
17,4704,"B"
17,4705,"B"
17,4706,"B"
17,4707,"B"
17,4708,"B"
17,4709,"B"
17,4710,"B"
17,4711,"B"
17,4712,"B"
17,4713,"B"
17,4714,"B"
17,4715,"B"
17,4716,"B"
17,4717,"B"
17,4718,"B"
17,4719,"B"
17,4720,"B"
17,4721,"B"
17,4722,"B"
17,4723,"B"
17,4724,"B"
17,4725,"B"
17,4726,"B"
17,4727,"B"
17,4728,"B"
17,4729,"B"
17,4730,"B"
17,4731,"B"
17,4732,"B"
17,4733,"B"
17,4734,"B"
17,4735,"B"
17,4736,"B"
17,4737,"B"
17,4738,"B"
17,4739,"B"
17,4740,"B"
17,4741,"B"
17,4742,"B"
17,4743,"B"
17,4744,"B"
17,4745,"B"
17,4746,"B"
17,4747,"B"
17,4748,"B"
17,4749,"B"
17,4750,"B"
17,4751,"B"
17,4752,"B"
17,4753,"B"
17,4754,"B"
17,4755,"B"
17,4756,"B"
17,4757,"B"
17,4758,"B"
17,4759,"B"
17,4760,"B"
17,4761,"B"
17,4762,"B"
17,4763,"B"
17,4764,"B"
17,4765,"B"
17,4766,"B"
17,4767,"B"
17,4768,"B"
17,4769,"B"
17,4770,"B"
17,4771,"B"
17,4772,"B"
17,4773,"B"
17,4774,"B"
17,4775,"B"
17,4776,"B"
17,4777,"B"
17,4778,"B"
17,4779,"B"
17,4780,"B"
17,4781,"B"
17,4782,"B"
17,4783,"B"
17,4784,"B"
17,4785,"B"
17,4786,"B"
17,4787,"B"
17,4788,"B"
17,4789,"B"
17,4790,"B"
17,4791,"B"
17,4792,"B"
17,4793,"B"
17,4794,"B"
17,4795,"B"
17,4796,"B"
17,4797,"B"
17,4798,"B"
17,4799,"B"
17,4800,"B"
17,4801,"B"
17,4802,"B"
17,4803,"B"
17,4804,"B"
17,4805,"B"
17,4806,"B"
17,4807,"B"
17,4808,"B"
17,4809,"B"
17,4810,"B"
17,4811,"B"
17,4812,"B"
17,4813,"B"
17,4814,"B"
17,4815,"B"
17,4816,"B"
17,4817,"B"
17,4818,"B"
17,4819,"B"
17,4820,"B"
17,4821,"B"
17,4822,"B"
17,4823,"B"
17,4824,"B"
17,4825,"B"
17,4826,"B"
17,4827,"B"
17,4828,"B"
17,4829,"B"
17,4830,"B"
17,4831,"B"
17,4832,"B"
17,4833,"B"
17,4834,"B"
17,4835,"B"
17,4836,"B"
17,4837,"B"
17,4838,"B"
17,4839,"B"
18,1633,"A"
18,1634,"A"
18,1635,"A"
18,1636,"A"
18,1637,"A"
18,1638,"A"
18,1639,"A"
18,1640,"A"
18,1641,"A"
18,1642,"A"
18,1643,"A"
18,1644,"A"
18,1645,"A"
18,1646,"A"
18,1647,"A"
18,1648,"A"
18,1649,"A"
18,1650,"A"
18,1651,"A"
18,1652,"A"
18,1653,"A"
18,1654,"A"
18,1655,"A"
18,1656,"A"
18,1657,"A"
18,1658,"A"
18,1659,"A"
18,1660,"A"
18,1661,"A"
18,1662,"A"
18,1663,"A"
18,1664,"A"
18,1665,"A"
18,1666,"A"
18,1667,"A"
18,1668,"A"
18,1669,"A"
18,1670,"A"
18,1671,"A"
18,1672,"A"
18,1673,"A"
18,1674,"A"
18,1675,"A"
18,1676,"A"
18,1677,"A"
18,1678,"A"
18,1679,"A"
18,1680,"A"
18,1681,"A"
18,1682,"A"
18,1683,"A"
18,1684,"A"
18,1685,"A"
18,1686,"A"
18,1687,"A"
18,1688,"A"
18,1689,"A"
18,1690,"A"
18,1691,"A"
18,1692,"A"
18,4840,"B"
18,4841,"B"
18,4842,"B"
18,4843,"B"
18,4844,"B"
18,4845,"B"
18,4846,"B"
18,4847,"B"
18,4848,"B"
18,4849,"B"
18,4850,"B"
18,4851,"B"
18,4852,"B"
18,4853,"B"
18,4854,"B"
18,4855,"B"
18,4856,"B"
18,4857,"B"
18,4858,"B"
18,4859,"B"
18,4860,"B"
18,4861,"B"
18,4862,"B"
18,4863,"B"
18,4864,"B"
18,4865,"B"
18,4866,"B"
18,4867,"B"
18,4868,"B"
18,4869,"B"
18,4870,"B"
18,4871,"B"
18,4872,"B"
18,4873,"B"
18,4874,"B"
18,4875,"B"
18,4876,"B"
18,4877,"B"
18,4878,"B"
18,4879,"B"
18,4880,"B"
18,4881,"B"
18,4882,"B"
18,4883,"B"
18,4884,"B"
18,4885,"B"
18,4886,"B"
18,4887,"B"
18,4888,"B"
18,4889,"B"
18,4890,"B"
18,4891,"B"
18,4892,"B"
18,4893,"B"
18,4894,"B"
18,4895,"B"
18,4896,"B"
18,4897,"B"
18,4898,"B"
18,4899,"B"
18,4900,"B"
18,4901,"B"
18,4902,"B"
18,4903,"B"
18,4904,"B"
18,4905,"B"
18,4906,"B"
18,4907,"B"
18,4908,"B"
18,4909,"B"
18,4910,"B"
18,4911,"B"
18,4912,"B"
18,4913,"B"
18,4914,"B"
18,4915,"B"
18,4916,"B"
18,4917,"B"
18,4918,"B"
18,4919,"B"
18,4920,"B"
18,4921,"B"
18,4922,"B"
18,4923,"B"
18,4924,"B"
18,4925,"B"
18,4926,"B"
18,4927,"B"
18,4928,"B"
18,4929,"B"
18,4930,"B"
18,4931,"B"
18,4932,"B"
18,4933,"B"
18,4934,"B"
18,4935,"B"
18,4936,"B"
18,4937,"B"
18,4938,"B"
18,4939,"B"
18,4940,"B"
18,4941,"B"
18,4942,"B"
18,4943,"B"
18,4944,"B"
18,4945,"B"
18,4946,"B"
18,4947,"B"
18,4948,"B"
18,4949,"B"
18,4950,"B"
18,4951,"B"
18,4952,"B"
18,4953,"B"
18,4954,"B"
18,4955,"B"
18,4956,"B"
18,4957,"B"
18,4958,"B"
18,4959,"B"
18,4960,"B"
18,4961,"B"
18,4962,"B"
18,4963,"B"
18,4964,"B"
18,4965,"B"
18,4966,"B"
18,4967,"B"
18,4968,"B"
18,4969,"B"
19,1693,"A"
19,1694,"A"
19,1695,"A"
19,1696,"A"
19,1697,"A"
19,1698,"A"
19,1699,"A"
19,1700,"A"
19,1701,"A"
19,1702,"A"
19,1703,"A"
19,1704,"A"
19,1705,"A"
19,1706,"A"
19,1707,"A"
19,1708,"A"
19,1709,"A"
19,1710,"A"
19,1711,"A"
19,1712,"A"
19,1713,"A"
19,1714,"A"
19,1715,"A"
19,1716,"A"
19,1717,"A"
19,1718,"A"
19,1719,"A"
19,1720,"A"
19,1721,"A"
19,1722,"A"
19,1723,"A"
19,1724,"A"
19,1725,"A"
19,1726,"A"
19,1727,"A"
19,1728,"A"
19,1729,"A"
19,1730,"A"
19,1731,"A"
19,1732,"A"
19,1733,"A"
19,1734,"A"
19,1735,"A"
19,1736,"A"
19,1737,"A"
19,1738,"A"
19,1739,"A"
19,1740,"A"
19,1741,"A"
19,1742,"A"
19,1743,"A"
19,1744,"A"
19,1745,"A"
19,1746,"A"
19,1747,"A"
19,1748,"A"
19,1749,"A"
19,1750,"A"
19,1751,"A"
19,1752,"A"
19,1753,"A"
19,1754,"A"
19,1755,"A"
19,1756,"A"
19,1757,"A"
19,1758,"A"
19,1759,"A"
19,1760,"A"
19,1761,"A"
19,1762,"A"
19,1763,"A"
19,1764,"A"
19,1765,"A"
19,1766,"A"
19,1767,"A"
19,1768,"A"
19,1769,"A"
19,1770,"A"
19,1771,"A"
19,1772,"A"
19,1773,"A"
19,1774,"A"
19,1775,"A"
19,1776,"A"
19,1777,"A"
19,4970,"B"
19,4971,"B"
19,4972,"B"
19,4973,"B"
19,4974,"B"
19,4975,"B"
19,4976,"B"
19,4977,"B"
19,4978,"B"
19,4979,"B"
19,4980,"B"
19,4981,"B"
19,4982,"B"
19,4983,"B"
19,4984,"B"
19,4985,"B"
19,4986,"B"
19,4987,"B"
19,4988,"B"
19,4989,"B"
19,4990,"B"
19,4991,"B"
19,4992,"B"
19,4993,"B"
19,4994,"B"
19,4995,"B"
19,4996,"B"
19,4997,"B"
19,4998,"B"
19,4999,"B"
19,5000,"B"
19,5001,"B"
19,5002,"B"
19,5003,"B"
19,5004,"B"
19,5005,"B"
19,5006,"B"
19,5007,"B"
19,5008,"B"
19,5009,"B"
19,5010,"B"
19,5011,"B"
19,5012,"B"
19,5013,"B"
19,5014,"B"
19,5015,"B"
19,5016,"B"
19,5017,"B"
19,5018,"B"
19,5019,"B"
19,5020,"B"
19,5021,"B"
19,5022,"B"
19,5023,"B"
19,5024,"B"
19,5025,"B"
19,5026,"B"
19,5027,"B"
19,5028,"B"
19,5029,"B"
19,5030,"B"
19,5031,"B"
19,5032,"B"
19,5033,"B"
19,5034,"B"
19,5035,"B"
19,5036,"B"
19,5037,"B"
19,5038,"B"
19,5039,"B"
19,5040,"B"
19,5041,"B"
19,5042,"B"
19,5043,"B"
19,5044,"B"
19,5045,"B"
19,5046,"B"
19,5047,"B"
19,5048,"B"
19,5049,"B"
19,5050,"B"
19,5051,"B"
19,5052,"B"
20,1778,"A"
20,1779,"A"
20,1780,"A"
20,1781,"A"
20,1782,"A"
20,1783,"A"
20,1784,"A"
20,1785,"A"
20,1786,"A"
20,1787,"A"
20,1788,"A"
20,1789,"A"
20,1790,"A"
20,1791,"A"
20,1792,"A"
20,1793,"A"
20,1794,"A"
20,1795,"A"
20,1796,"A"
20,1797,"A"
20,1798,"A"
20,1799,"A"
20,1800,"A"
20,1801,"A"
20,1802,"A"
20,1803,"A"
20,1804,"A"
20,1805,"A"
20,1806,"A"
20,1807,"A"
20,1808,"A"
20,1809,"A"
20,1810,"A"
20,1811,"A"
20,1812,"A"
20,1813,"A"
20,1814,"A"
20,1815,"A"
20,1816,"A"
20,1817,"A"
20,1818,"A"
20,1819,"A"
20,1820,"A"
20,1821,"A"
20,1822,"A"
20,1823,"A"
20,1824,"A"
20,1825,"A"
20,1826,"A"
20,1827,"A"
20,1828,"A"
20,1829,"A"
20,1830,"A"
20,1831,"A"
20,1832,"A"
20,1833,"A"
20,1834,"A"
20,1835,"A"
20,1836,"A"
20,1837,"A"
20,1838,"A"
20,1839,"A"
20,1840,"A"
20,1841,"A"
20,1842,"A"
20,1843,"A"
20,1844,"A"
20,1845,"A"
20,1846,"A"
20,1847,"A"
20,1848,"A"
20,1849,"A"
20,1850,"A"
20,1851,"A"
20,1852,"A"
20,1853,"A"
20,1854,"A"
20,1855,"A"
20,1856,"A"
20,1857,"A"
20,1858,"A"
20,1859,"A"
20,1860,"A"
20,1861,"A"
20,1862,"A"
20,1863,"A"
20,1864,"A"
20,1865,"A"
20,1866,"A"
20,1867,"A"
20,1868,"A"
20,1869,"A"
20,1870,"A"
20,1871,"A"
20,1872,"A"
20,1873,"A"
20,1874,"A"
20,1875,"A"
20,1876,"A"
20,1877,"A"
20,1878,"A"
20,1879,"A"
20,1880,"A"
20,1881,"A"
20,1882,"A"
20,1883,"A"
20,1884,"A"
20,1885,"A"
20,1886,"A"
20,1887,"A"
20,1888,"A"
20,1889,"A"
20,1890,"A"
20,1891,"A"
20,1892,"A"
20,1893,"A"
20,1894,"A"
20,1895,"A"
20,1896,"A"
20,1897,"A"
20,1898,"A"
20,1899,"A"
20,1900,"A"
20,1901,"A"
20,1902,"A"
20,1903,"A"
20,1904,"A"
20,1905,"A"
20,1906,"A"
20,1907,"A"
20,1908,"A"
20,1909,"A"
20,1910,"A"
20,1911,"A"
20,1912,"A"
20,1913,"A"
20,1914,"A"
20,1915,"A"
20,1916,"A"
20,5053,"B"
20,5054,"B"
20,5055,"B"
20,5056,"B"
20,5057,"B"
20,5058,"B"
20,5059,"B"
20,5060,"B"
20,5061,"B"
20,5062,"B"
20,5063,"B"
20,5064,"B"
20,5065,"B"
20,5066,"B"
20,5067,"B"
20,5068,"B"
20,5069,"B"
20,5070,"B"
20,5071,"B"
20,5072,"B"
20,5073,"B"
20,5074,"B"
20,5075,"B"
20,5076,"B"
20,5077,"B"
20,5078,"B"
20,5079,"B"
20,5080,"B"
20,5081,"B"
20,5082,"B"
20,5083,"B"
20,5084,"B"
20,5085,"B"
20,5086,"B"
20,5087,"B"
20,5088,"B"
20,5089,"B"
20,5090,"B"
20,5091,"B"
20,5092,"B"
20,5093,"B"
20,5094,"B"
20,5095,"B"
20,5096,"B"
20,5097,"B"
20,5098,"B"
20,5099,"B"
20,5100,"B"
20,5101,"B"
20,5102,"B"
20,5103,"B"
20,5104,"B"
20,5105,"B"
20,5106,"B"
20,5107,"B"
20,5108,"B"
20,5109,"B"
20,5110,"B"
20,5111,"B"
20,5112,"B"
20,5113,"B"
20,5114,"B"
20,5115,"B"
20,5116,"B"
20,5117,"B"
20,5118,"B"
20,5119,"B"
20,5120,"B"
20,5121,"B"
20,5122,"B"
20,5123,"B"
20,5124,"B"
20,5125,"B"
20,5126,"B"
20,5127,"B"
20,5128,"B"
20,5129,"B"
20,5130,"B"
20,5131,"B"
20,5132,"B"
20,5133,"B"
20,5134,"B"
20,5135,"B"
20,5136,"B"
20,5137,"B"
20,5138,"B"
20,5139,"B"
20,5140,"B"
20,5141,"B"
20,5142,"B"
20,5143,"B"
20,5144,"B"
21,1917,"A"
21,1918,"A"
21,1919,"A"
21,1920,"A"
21,1921,"A"
21,1922,"A"
21,1923,"A"
21,1924,"A"
21,1925,"A"
21,1926,"A"
21,1927,"A"
21,1928,"A"
21,1929,"A"
21,1930,"A"
21,1931,"A"
21,1932,"A"
21,1933,"A"
21,1934,"A"
21,1935,"A"
21,1936,"A"
21,1937,"A"
21,1938,"A"
21,1939,"A"
21,1940,"A"
21,1941,"A"
21,1942,"A"
21,1943,"A"
21,1944,"A"
21,1945,"A"
21,1946,"A"
21,1947,"A"
21,1948,"A"
21,1949,"A"
21,1950,"A"
21,1951,"A"
21,1952,"A"
21,1953,"A"
21,1954,"A"
21,1955,"A"
21,1956,"A"
21,1957,"A"
21,1958,"A"
21,1959,"A"
21,1960,"A"
21,1961,"A"
21,1962,"A"
21,1963,"A"
21,1964,"A"
21,1965,"A"
21,1966,"A"
21,1967,"A"
21,1968,"A"
21,1969,"A"
21,1970,"A"
21,1971,"A"
21,1972,"A"
21,1973,"A"
21,1974,"A"
21,1975,"A"
21,1976,"A"
21,1977,"A"
21,1978,"A"
21,1979,"A"
21,1980,"A"
21,1981,"A"
21,1982,"A"
21,1983,"A"
21,1984,"A"
21,1985,"A"
21,1986,"A"
21,1987,"A"
21,1988,"A"
21,1989,"A"
21,1990,"A"
21,1991,"A"
21,1992,"A"
21,1993,"A"
21,1994,"A"
21,1995,"A"
21,1996,"A"
21,1997,"A"
21,1998,"A"
21,1999,"A"
21,2000,"A"
21,2001,"A"
21,2002,"A"
21,2003,"A"
21,2004,"A"
21,2005,"A"
21,2006,"A"
21,2007,"A"
21,2008,"A"
21,2009,"A"
21,2010,"A"
21,2011,"A"
21,2012,"A"
21,2013,"A"
21,2014,"A"
21,2015,"A"
21,2016,"A"
21,2017,"A"
21,5145,"B"
21,5146,"B"
21,5147,"B"
21,5148,"B"
21,5149,"B"
21,5150,"B"
21,5151,"B"
21,5152,"B"
21,5153,"B"
21,5154,"B"
21,5155,"B"
21,5156,"B"
21,5157,"B"
21,5158,"B"
21,5159,"B"
21,5160,"B"
21,5161,"B"
21,5162,"B"
21,5163,"B"
21,5164,"B"
21,5165,"B"
21,5166,"B"
21,5167,"B"
21,5168,"B"
21,5169,"B"
21,5170,"B"
21,5171,"B"
21,5172,"B"
21,5173,"B"
21,5174,"B"
21,5175,"B"
21,5176,"B"
21,5177,"B"
21,5178,"B"
21,5179,"B"
21,5180,"B"
21,5181,"B"
21,5182,"B"
21,5183,"B"
21,5184,"B"
21,5185,"B"
21,5186,"B"
21,5187,"B"
21,5188,"B"
21,5189,"B"
21,5190,"B"
21,5191,"B"
21,5192,"B"
21,5193,"B"
21,5194,"B"
21,5195,"B"
21,5196,"B"
21,5197,"B"
21,5198,"B"
21,5199,"B"
21,5200,"B"
21,5201,"B"
21,5202,"B"
21,5203,"B"
21,5204,"B"
21,5205,"B"
21,5206,"B"
21,5207,"B"
21,5208,"B"
21,5209,"B"
21,5210,"B"
21,5211,"B"
21,5212,"B"
21,5213,"B"
21,5214,"B"
21,5215,"B"
21,5216,"B"
21,5217,"B"
21,5218,"B"
21,5219,"B"
21,5220,"B"
21,5221,"B"
21,5222,"B"
21,5223,"B"
21,5224,"B"
21,5225,"B"
21,5226,"B"
21,5227,"B"
21,5228,"B"
21,5229,"B"
21,5230,"B"
21,5231,"B"
21,5232,"B"
21,5233,"B"
21,5234,"B"
21,5235,"B"
21,5236,"B"
21,5237,"B"
21,5238,"B"
21,5239,"B"
21,5240,"B"
21,5241,"B"
21,5242,"B"
21,5243,"B"
21,5244,"B"
21,5245,"B"
21,5246,"B"
21,5247,"B"
21,5248,"B"
21,5249,"B"
21,5250,"B"
21,5251,"B"
21,5252,"B"
21,5253,"B"
21,5254,"B"
21,5255,"B"
21,5256,"B"
21,5257,"B"
21,5258,"B"
21,5259,"B"
21,5260,"B"
21,5261,"B"
21,5262,"B"
21,5263,"B"
21,5264,"B"
21,5265,"B"
21,5266,"B"
21,5267,"B"
21,5268,"B"
21,5269,"B"
21,5270,"B"
21,5271,"B"
21,5272,"B"
21,5273,"B"
21,5274,"B"
21,5275,"B"
21,5276,"B"
21,5277,"B"
21,5278,"B"
21,5279,"B"
21,5280,"B"
21,5281,"B"
21,5282,"B"
21,5283,"B"
21,5284,"B"
21,5285,"B"
21,5286,"B"
21,5287,"B"
21,5288,"B"
21,5289,"B"
21,5290,"B"
21,5291,"B"
21,5292,"B"
21,5293,"B"
21,5294,"B"
21,5295,"B"
21,5296,"B"
21,5297,"B"
21,5298,"B"
21,5299,"B"
21,5300,"B"
21,5301,"B"
21,5302,"B"
21,5303,"B"
21,5304,"B"
21,5305,"B"
21,5306,"B"
21,5307,"B"
21,5308,"B"
21,5309,"B"
21,5310,"B"
21,5311,"B"
21,5312,"B"
21,5313,"B"
22,2018,"A"
22,2019,"A"
22,2020,"A"
22,2021,"A"
22,2022,"A"
22,2023,"A"
22,2024,"A"
22,2025,"A"
22,2026,"A"
22,2027,"A"
22,2028,"A"
22,2029,"A"
22,2030,"A"
22,2031,"A"
22,2032,"A"
22,2033,"A"
22,2034,"A"
22,2035,"A"
22,2036,"A"
22,2037,"A"
22,2038,"A"
22,2039,"A"
22,2040,"A"
22,2041,"A"
22,2042,"A"
22,2043,"A"
22,2044,"A"
22,2045,"A"
22,2046,"A"
22,2047,"A"
22,2048,"A"
22,2049,"A"
22,2050,"A"
22,2051,"A"
22,2052,"A"
22,2053,"A"
22,2054,"A"
22,2055,"A"
22,2056,"A"
22,2057,"A"
22,2058,"A"
22,2059,"A"
22,2060,"A"
22,2061,"A"
22,2062,"A"
22,2063,"A"
22,2064,"A"
22,2065,"A"
22,2066,"A"
22,2067,"A"
22,2068,"A"
22,2069,"A"
22,2070,"A"
22,2071,"A"
22,2072,"A"
22,2073,"A"
22,2074,"A"
22,2075,"A"
22,2076,"A"
22,2077,"A"
22,2078,"A"
22,2079,"A"
22,2080,"A"
22,2081,"A"
22,2082,"A"
22,2083,"A"
22,2084,"A"
22,2085,"A"
22,2086,"A"
22,2087,"A"
22,2088,"A"
22,2089,"A"
22,2090,"A"
22,2091,"A"
22,2092,"A"
22,5314,"B"
22,5315,"B"
22,5316,"B"
22,5317,"B"
22,5318,"B"
22,5319,"B"
22,5320,"B"
22,5321,"B"
22,5322,"B"
22,5323,"B"
22,5324,"B"
22,5325,"B"
22,5326,"B"
22,5327,"B"
22,5328,"B"
22,5329,"B"
22,5330,"B"
22,5331,"B"
22,5332,"B"
22,5333,"B"
22,5334,"B"
22,5335,"B"
22,5336,"B"
22,5337,"B"
22,5338,"B"
22,5339,"B"
22,5340,"B"
22,5341,"B"
22,5342,"B"
22,5343,"B"
22,5344,"B"
22,5345,"B"
22,5346,"B"
22,5347,"B"
22,5348,"B"
22,5349,"B"
22,5350,"B"
22,5351,"B"
22,5352,"B"
22,5353,"B"
22,5354,"B"
22,5355,"B"
22,5356,"B"
22,5357,"B"
22,5358,"B"
22,5359,"B"
22,5360,"B"
22,5361,"B"
22,5362,"B"
22,5363,"B"
22,5364,"B"
22,5365,"B"
22,5366,"B"
22,5367,"B"
22,5368,"B"
22,5369,"B"
22,5370,"B"
22,5371,"B"
22,5372,"B"
22,5373,"B"
22,5374,"B"
22,5375,"B"
22,5376,"B"
22,5377,"B"
22,5378,"B"
22,5379,"B"
22,5380,"B"
22,5381,"B"
22,5382,"B"
22,5383,"B"
22,5384,"B"
22,5385,"B"
22,5386,"B"
22,5387,"B"
22,5388,"B"
22,5389,"B"
22,5390,"B"
22,5391,"B"
22,5392,"B"
22,5393,"B"
22,5394,"B"
22,5395,"B"
22,5396,"B"
22,5397,"B"
22,5398,"B"
22,5399,"B"
22,5400,"B"
22,5401,"B"
22,5402,"B"
22,5403,"B"
22,5404,"B"
22,5405,"B"
22,5406,"B"
22,5407,"B"
22,5408,"B"
22,5409,"B"
22,5410,"B"
22,5411,"B"
22,5412,"B"
22,5413,"B"
22,5414,"B"
22,5415,"B"
22,5416,"B"
22,5417,"B"
22,5418,"B"
22,5419,"B"
22,5420,"B"
22,5421,"B"
22,5422,"B"
22,5423,"B"
22,5424,"B"
22,5425,"B"
22,5426,"B"
22,5427,"B"
22,5428,"B"
22,5429,"B"
22,5430,"B"
22,5431,"B"
22,5432,"B"
22,5433,"B"
22,5434,"B"
22,5435,"B"
22,5436,"B"
22,5437,"B"
22,5438,"B"
23,2093,"A"
23,2094,"A"
23,2095,"A"
23,2096,"A"
23,2097,"A"
23,2098,"A"
23,2099,"A"
23,2100,"A"
23,2101,"A"
23,2102,"A"
23,2103,"A"
23,2104,"A"
23,2105,"A"
23,2106,"A"
23,2107,"A"
23,2108,"A"
23,2109,"A"
23,2110,"A"
23,2111,"A"
23,2112,"A"
23,2113,"A"
23,2114,"A"
23,2115,"A"
23,2116,"A"
23,2117,"A"
23,2118,"A"
23,2119,"A"
23,2120,"A"
23,2121,"A"
23,2122,"A"
23,2123,"A"
23,2124,"A"
23,2125,"A"
23,2126,"A"
23,2127,"A"
23,2128,"A"
23,2129,"A"
23,2130,"A"
23,2131,"A"
23,2132,"A"
23,2133,"A"
23,2134,"A"
23,2135,"A"
23,2136,"A"
23,2137,"A"
23,2138,"A"
23,2139,"A"
23,2140,"A"
23,2141,"A"
23,2142,"A"
23,2143,"A"
23,2144,"A"
23,2145,"A"
23,2146,"A"
23,2147,"A"
23,2148,"A"
23,2149,"A"
23,2150,"A"
23,2151,"A"
23,2152,"A"
23,2153,"A"
23,2154,"A"
23,2155,"A"
23,2156,"A"
23,2157,"A"
23,2158,"A"
23,2159,"A"
23,2160,"A"
23,2161,"A"
23,2162,"A"
23,2163,"A"
23,2164,"A"
23,2165,"A"
23,2166,"A"
23,2167,"A"
23,2168,"A"
23,2169,"A"
23,2170,"A"
23,2171,"A"
23,2172,"A"
23,2173,"A"
23,2174,"A"
23,2175,"A"
23,2176,"A"
23,2177,"A"
23,2178,"A"
23,2179,"A"
23,2180,"A"
23,2181,"A"
23,2182,"A"
23,2183,"A"
23,2184,"A"
23,5439,"B"
23,5440,"B"
23,5441,"B"
23,5442,"B"
23,5443,"B"
23,5444,"B"
23,5445,"B"
23,5446,"B"
23,5447,"B"
23,5448,"B"
23,5449,"B"
23,5450,"B"
23,5451,"B"
23,5452,"B"
23,5453,"B"
23,5454,"B"
23,5455,"B"
23,5456,"B"
23,5457,"B"
23,5458,"B"
23,5459,"B"
23,5460,"B"
23,5461,"B"
23,5462,"B"
23,5463,"B"
23,5464,"B"
23,5465,"B"
23,5466,"B"
23,5467,"B"
23,5468,"B"
23,5469,"B"
23,5470,"B"
23,5471,"B"
23,5472,"B"
23,5473,"B"
23,5474,"B"
23,5475,"B"
23,5476,"B"
23,5477,"B"
23,5478,"B"
23,5479,"B"
23,5480,"B"
23,5481,"B"
23,5482,"B"
23,5483,"B"
23,5484,"B"
23,5485,"B"
23,5486,"B"
23,5487,"B"
23,5488,"B"
23,5489,"B"
23,5490,"B"
23,5491,"B"
23,5492,"B"
23,5493,"B"
23,5494,"B"
23,5495,"B"
23,5496,"B"
23,5497,"B"
23,5498,"B"
23,5499,"B"
23,5500,"B"
23,5501,"B"
23,5502,"B"
23,5503,"B"
23,5504,"B"
23,5505,"B"
23,5506,"B"
23,5507,"B"
23,5508,"B"
23,5509,"B"
23,5510,"B"
23,5511,"B"
23,5512,"B"
23,5513,"B"
23,5514,"B"
23,5515,"B"
23,5516,"B"
23,5517,"B"
23,5518,"B"
23,5519,"B"
23,5520,"B"
23,5521,"B"
23,5522,"B"
23,5523,"B"
23,5524,"B"
23,5525,"B"
23,5526,"B"
23,5527,"B"
23,5528,"B"
23,5529,"B"
23,5530,"B"
23,5531,"B"
23,5532,"B"
24,2185,"A"
24,2186,"A"
24,2187,"A"
24,2188,"A"
24,2189,"A"
24,2190,"A"
24,2191,"A"
24,2192,"A"
24,2193,"A"
24,2194,"A"
24,2195,"A"
24,2196,"A"
24,2197,"A"
24,2198,"A"
24,2199,"A"
24,2200,"A"
24,2201,"A"
24,2202,"A"
24,2203,"A"
24,2204,"A"
24,2205,"A"
24,2206,"A"
24,2207,"A"
24,2208,"A"
24,2209,"A"
24,2210,"A"
24,2211,"A"
24,2212,"A"
24,2213,"A"
24,2214,"A"
24,2215,"A"
24,2216,"A"
24,2217,"A"
24,2218,"A"
24,2219,"A"
24,2220,"A"
24,2221,"A"
24,2222,"A"
24,2223,"A"
24,2224,"A"
24,2225,"A"
24,2226,"A"
24,2227,"A"
24,2228,"A"
24,2229,"A"
24,2230,"A"
24,2231,"A"
24,2232,"A"
24,2233,"A"
24,2234,"A"
24,2235,"A"
24,2236,"A"
24,2237,"A"
24,2238,"A"
24,2239,"A"
24,2240,"A"
24,2241,"A"
24,2242,"A"
24,2243,"A"
24,2244,"A"
24,2245,"A"
24,2246,"A"
24,2247,"A"
24,2248,"A"
24,2249,"A"
24,2250,"A"
24,2251,"A"
24,2252,"A"
24,2253,"A"
24,2254,"A"
24,2255,"A"
24,2256,"A"
24,2257,"A"
24,2258,"A"
24,2259,"A"
24,2260,"A"
24,2261,"A"
24,2262,"A"
24,2263,"A"
24,2264,"A"
24,2265,"A"
24,2266,"A"
24,2267,"A"
24,2268,"A"
24,5533,"B"
24,5534,"B"
24,5535,"B"
24,5536,"B"
24,5537,"B"
24,5538,"B"
24,5539,"B"
24,5540,"B"
24,5541,"B"
24,5542,"B"
24,5543,"B"
24,5544,"B"
24,5545,"B"
24,5546,"B"
24,5547,"B"
24,5548,"B"
24,5549,"B"
24,5550,"B"
24,5551,"B"
24,5552,"B"
24,5553,"B"
24,5554,"B"
24,5555,"B"
24,5556,"B"
24,5557,"B"
24,5558,"B"
24,5559,"B"
24,5560,"B"
24,5561,"B"
24,5562,"B"
24,5563,"B"
24,5564,"B"
24,5565,"B"
24,5566,"B"
24,5567,"B"
24,5568,"B"
24,5569,"B"
24,5570,"B"
24,5571,"B"
24,5572,"B"
24,5573,"B"
24,5574,"B"
24,5575,"B"
24,5576,"B"
24,5577,"B"
24,5578,"B"
24,5579,"B"
24,5580,"B"
24,5581,"B"
24,5582,"B"
24,5583,"B"
24,5584,"B"
24,5585,"B"
24,5586,"B"
24,5587,"B"
24,5588,"B"
24,5589,"B"
24,5590,"B"
24,5591,"B"
24,5592,"B"
24,5593,"B"
24,5594,"B"
24,5595,"B"
24,5596,"B"
24,5597,"B"
24,5598,"B"
24,5599,"B"
24,5600,"B"
24,5601,"B"
24,5602,"B"
24,5603,"B"
24,5604,"B"
24,5605,"B"
24,5606,"B"
24,5607,"B"
24,5608,"B"
24,5609,"B"
24,5610,"B"
24,5611,"B"
24,5612,"B"
24,5613,"B"
24,5614,"B"
24,5615,"B"
24,5616,"B"
24,5617,"B"
24,5618,"B"
24,5619,"B"
24,5620,"B"
24,5621,"B"
24,5622,"B"
24,5623,"B"
24,5624,"B"
24,5625,"B"
24,5626,"B"
24,5627,"B"
24,5628,"B"
24,5629,"B"
24,5630,"B"
24,5631,"B"
24,5632,"B"
24,5633,"B"
24,5634,"B"
24,5635,"B"
24,5636,"B"
24,5637,"B"
24,5638,"B"
24,5639,"B"
24,5640,"B"
24,5641,"B"
24,5642,"B"
24,5643,"B"
24,5644,"B"
24,5645,"B"
24,5646,"B"
24,5647,"B"
24,5648,"B"
24,5649,"B"
24,5650,"B"
24,5651,"B"
24,5652,"B"
24,5653,"B"
24,5654,"B"
24,5655,"B"
24,5656,"B"
24,5657,"B"
24,5658,"B"
24,5659,"B"
25,2269,"A"
25,2270,"A"
25,2271,"A"
25,2272,"A"
25,2273,"A"
25,2274,"A"
25,2275,"A"
25,2276,"A"
25,2277,"A"
25,2278,"A"
25,2279,"A"
25,2280,"A"
25,2281,"A"
25,2282,"A"
25,2283,"A"
25,2284,"A"
25,2285,"A"
25,2286,"A"
25,2287,"A"
25,2288,"A"
25,2289,"A"
25,2290,"A"
25,2291,"A"
25,2292,"A"
25,2293,"A"
25,2294,"A"
25,2295,"A"
25,2296,"A"
25,2297,"A"
25,2298,"A"
25,2299,"A"
25,2300,"A"
25,2301,"A"
25,2302,"A"
25,2303,"A"
25,2304,"A"
25,2305,"A"
25,2306,"A"
25,2307,"A"
25,2308,"A"
25,2309,"A"
25,2310,"A"
25,2311,"A"
25,2312,"A"
25,2313,"A"
25,2314,"A"
25,2315,"A"
25,2316,"A"
25,2317,"A"
25,2318,"A"
25,2319,"A"
25,2320,"A"
25,2321,"A"
25,2322,"A"
25,2323,"A"
25,2324,"A"
25,2325,"A"
25,2326,"A"
25,2327,"A"
25,2328,"A"
25,2329,"A"
25,2330,"A"
25,2331,"A"
25,2332,"A"
25,2333,"A"
25,2334,"A"
25,2335,"A"
25,2336,"A"
25,2337,"A"
25,2338,"A"
25,5660,"B"
25,5661,"B"
25,5662,"B"
25,5663,"B"
25,5664,"B"
25,5665,"B"
25,5666,"B"
25,5667,"B"
25,5668,"B"
25,5669,"B"
25,5670,"B"
25,5671,"B"
25,5672,"B"
25,5673,"B"
25,5674,"B"
25,5675,"B"
25,5676,"B"
25,5677,"B"
25,5678,"B"
25,5679,"B"
25,5680,"B"
25,5681,"B"
25,5682,"B"
25,5683,"B"
25,5684,"B"
25,5685,"B"
25,5686,"B"
25,5687,"B"
25,5688,"B"
25,5689,"B"
25,5690,"B"
25,5691,"B"
25,5692,"B"
25,5693,"B"
25,5694,"B"
25,5695,"B"
25,5696,"B"
25,5697,"B"
25,5698,"B"
25,5699,"B"
25,5700,"B"
25,5701,"B"
25,5702,"B"
25,5703,"B"
25,5704,"B"
25,5705,"B"
25,5706,"B"
25,5707,"B"
25,5708,"B"
25,5709,"B"
25,5710,"B"
25,5711,"B"
25,5712,"B"
25,5713,"B"
25,5714,"B"
25,5715,"B"
25,5716,"B"
25,5717,"B"
25,5718,"B"
25,5719,"B"
25,5720,"B"
25,5721,"B"
25,5722,"B"
25,5723,"B"
25,5724,"B"
25,5725,"B"
25,5726,"B"
25,5727,"B"
25,5728,"B"
25,5729,"B"
25,5730,"B"
25,5731,"B"
25,5732,"B"
25,5733,"B"
25,5734,"B"
25,5735,"B"
25,5736,"B"
25,5737,"B"
26,2339,"A"
26,2340,"A"
26,2341,"A"
26,2342,"A"
26,2343,"A"
26,2344,"A"
26,2345,"A"
26,2346,"A"
26,2347,"A"
26,2348,"A"
26,2349,"A"
26,2350,"A"
26,2351,"A"
26,2352,"A"
26,2353,"A"
26,2354,"A"
26,2355,"A"
26,2356,"A"
26,2357,"A"
26,2358,"A"
26,2359,"A"
26,2360,"A"
26,2361,"A"
26,2362,"A"
26,2363,"A"
26,2364,"A"
26,2365,"A"
26,2366,"A"
26,2367,"A"
26,2368,"A"
26,2369,"A"
26,2370,"A"
26,2371,"A"
26,2372,"A"
26,2373,"A"
26,2374,"A"
26,2375,"A"
26,2376,"A"
26,2377,"A"
26,2378,"A"
26,2379,"A"
26,2380,"A"
26,2381,"A"
26,2382,"A"
26,2383,"A"
26,2384,"A"
26,2385,"A"
26,2386,"A"
26,2387,"A"
26,2388,"A"
26,2389,"A"
26,2390,"A"
26,2391,"A"
26,2392,"A"
26,2393,"A"
26,2394,"A"
26,2395,"A"
26,2396,"A"
26,2397,"A"
26,2398,"A"
26,2399,"A"
26,2400,"A"
26,2401,"A"
26,2402,"A"
26,2403,"A"
26,2404,"A"
26,2405,"A"
26,2406,"A"
26,2407,"A"
26,2408,"A"
26,2409,"A"
26,2410,"A"
26,2411,"A"
26,2412,"A"
26,2413,"A"
26,2414,"A"
26,2415,"A"
26,2416,"A"
26,2417,"A"
26,2418,"A"
26,2419,"A"
26,2420,"A"
26,2421,"A"
26,2422,"A"
26,2423,"A"
26,2424,"A"
26,2425,"A"
26,2426,"A"
26,2427,"A"
26,2428,"A"
26,2429,"A"
26,2430,"A"
26,2431,"A"
26,2432,"A"
26,2433,"A"
26,2434,"A"
26,2435,"A"
26,2436,"A"
26,2437,"A"
26,2438,"A"
26,2439,"A"
26,2440,"A"
26,2441,"A"
26,2442,"A"
26,2443,"A"
26,2444,"A"
26,2445,"A"
26,2446,"A"
26,2447,"A"
26,2448,"A"
26,2449,"A"
26,2450,"A"
26,2451,"A"
26,2452,"A"
26,2453,"A"
26,2454,"A"
26,2455,"A"
26,2456,"A"
26,2457,"A"
26,2458,"A"
26,5738,"B"
26,5739,"B"
26,5740,"B"
26,5741,"B"
26,5742,"B"
26,5743,"B"
26,5744,"B"
26,5745,"B"
26,5746,"B"
26,5747,"B"
26,5748,"B"
26,5749,"B"
26,5750,"B"
26,5751,"B"
26,5752,"B"
26,5753,"B"
26,5754,"B"
26,5755,"B"
26,5756,"B"
26,5757,"B"
26,5758,"B"
26,5759,"B"
26,5760,"B"
26,5761,"B"
26,5762,"B"
26,5763,"B"
26,5764,"B"
26,5765,"B"
26,5766,"B"
26,5767,"B"
26,5768,"B"
26,5769,"B"
26,5770,"B"
26,5771,"B"
26,5772,"B"
26,5773,"B"
26,5774,"B"
26,5775,"B"
26,5776,"B"
26,5777,"B"
26,5778,"B"
26,5779,"B"
26,5780,"B"
26,5781,"B"
26,5782,"B"
26,5783,"B"
26,5784,"B"
26,5785,"B"
26,5786,"B"
26,5787,"B"
26,5788,"B"
26,5789,"B"
26,5790,"B"
26,5791,"B"
26,5792,"B"
26,5793,"B"
26,5794,"B"
26,5795,"B"
26,5796,"B"
26,5797,"B"
26,5798,"B"
26,5799,"B"
26,5800,"B"
26,5801,"B"
26,5802,"B"
26,5803,"B"
26,5804,"B"
26,5805,"B"
26,5806,"B"
26,5807,"B"
26,5808,"B"
26,5809,"B"
26,5810,"B"
26,5811,"B"
26,5812,"B"
26,5813,"B"
26,5814,"B"
26,5815,"B"
26,5816,"B"
26,5817,"B"
26,5818,"B"
26,5819,"B"
26,5820,"B"
26,5821,"B"
26,5822,"B"
26,5823,"B"
26,5824,"B"
26,5825,"B"
26,5826,"B"
26,5827,"B"
26,5828,"B"
26,5829,"B"
26,5830,"B"
26,5831,"B"
26,5832,"B"
26,5833,"B"
26,5834,"B"
26,5835,"B"
26,5836,"B"
26,5837,"B"
26,5838,"B"
26,5839,"B"
26,5840,"B"
26,5841,"B"
26,5842,"B"
26,5843,"B"
26,5844,"B"
26,5845,"B"
26,5846,"B"
26,5847,"B"
26,5848,"B"
26,5849,"B"
26,5850,"B"
26,5851,"B"
26,5852,"B"
26,5853,"B"
26,5854,"B"
26,5855,"B"
26,5856,"B"
26,5857,"B"
26,5858,"B"
26,5859,"B"
26,5860,"B"
26,5861,"B"
26,5862,"B"
26,5863,"B"
26,5864,"B"
26,5865,"B"
26,5866,"B"
26,5867,"B"
26,5868,"B"
26,5869,"B"
26,5870,"B"
26,5871,"B"
26,5872,"B"
26,5873,"B"
26,5874,"B"
26,5875,"B"
26,5876,"B"
26,5877,"B"
26,5878,"B"
26,5879,"B"
26,5880,"B"
26,5881,"B"
26,5882,"B"
26,5883,"B"
26,5884,"B"
26,5885,"B"
26,5886,"B"
26,5887,"B"
26,5888,"B"
26,5889,"B"
26,5890,"B"
26,5891,"B"
26,5892,"B"
26,5893,"B"
26,5894,"B"
26,5895,"B"
26,5896,"B"
27,2459,"A"
27,2460,"A"
27,2461,"A"
27,2462,"A"
27,2463,"A"
27,2464,"A"
27,2465,"A"
27,2466,"A"
27,2467,"A"
27,2468,"A"
27,2469,"A"
27,2470,"A"
27,2471,"A"
27,2472,"A"
27,2473,"A"
27,2474,"A"
27,2475,"A"
27,2476,"A"
27,2477,"A"
27,2478,"A"
27,2479,"A"
27,2480,"A"
27,2481,"A"
27,2482,"A"
27,2483,"A"
27,2484,"A"
27,2485,"A"
27,2486,"A"
27,2487,"A"
27,2488,"A"
27,2489,"A"
27,2490,"A"
27,2491,"A"
27,2492,"A"
27,2493,"A"
27,2494,"A"
27,2495,"A"
27,2496,"A"
27,2497,"A"
27,2498,"A"
27,2499,"A"
27,2500,"A"
27,2501,"A"
27,2502,"A"
27,2503,"A"
27,2504,"A"
27,2505,"A"
27,2506,"A"
27,2507,"A"
27,2508,"A"
27,2509,"A"
27,2510,"A"
27,2511,"A"
27,2512,"A"
27,2513,"A"
27,2514,"A"
27,2515,"A"
27,2516,"A"
27,2517,"A"
27,2518,"A"
27,2519,"A"
27,2520,"A"
27,2521,"A"
27,2522,"A"
27,2523,"A"
27,2524,"A"
27,2525,"A"
27,2526,"A"
27,2527,"A"
27,2528,"A"
27,2529,"A"
27,2530,"A"
27,2531,"A"
27,2532,"A"
27,2533,"A"
27,2534,"A"
27,2535,"A"
27,2536,"A"
27,2537,"A"
27,2538,"A"
27,2539,"A"
27,2540,"A"
27,2541,"A"
27,2542,"A"
27,2543,"A"
27,5897,"B"
27,5898,"B"
27,5899,"B"
27,5900,"B"
27,5901,"B"
27,5902,"B"
27,5903,"B"
27,5904,"B"
27,5905,"B"
27,5906,"B"
27,5907,"B"
27,5908,"B"
27,5909,"B"
27,5910,"B"
27,5911,"B"
27,5912,"B"
27,5913,"B"
27,5914,"B"
27,5915,"B"
27,5916,"B"
27,5917,"B"
27,5918,"B"
27,5919,"B"
27,5920,"B"
27,5921,"B"
27,5922,"B"
27,5923,"B"
27,5924,"B"
27,5925,"B"
27,5926,"B"
27,5927,"B"
27,5928,"B"
27,5929,"B"
27,5930,"B"
27,5931,"B"
27,5932,"B"
27,5933,"B"
27,5934,"B"
27,5935,"B"
27,5936,"B"
27,5937,"B"
27,5938,"B"
27,5939,"B"
27,5940,"B"
27,5941,"B"
27,5942,"B"
27,5943,"B"
27,5944,"B"
27,5945,"B"
27,5946,"B"
27,5947,"B"
27,5948,"B"
27,5949,"B"
27,5950,"B"
27,5951,"B"
27,5952,"B"
27,5953,"B"
27,5954,"B"
27,5955,"B"
27,5956,"B"
27,5957,"B"
27,5958,"B"
27,5959,"B"
27,5960,"B"
27,5961,"B"
27,5962,"B"
27,5963,"B"
27,5964,"B"
27,5965,"B"
27,5966,"B"
27,5967,"B"
28,2544,"A"
28,2545,"A"
28,2546,"A"
28,2547,"A"
28,2548,"A"
28,2549,"A"
28,2550,"A"
28,2551,"A"
28,2552,"A"
28,2553,"A"
28,2554,"A"
28,2555,"A"
28,2556,"A"
28,2557,"A"
28,2558,"A"
28,2559,"A"
28,2560,"A"
28,2561,"A"
28,2562,"A"
28,2563,"A"
28,2564,"A"
28,2565,"A"
28,2566,"A"
28,2567,"A"
28,2568,"A"
28,2569,"A"
28,2570,"A"
28,2571,"A"
28,2572,"A"
28,2573,"A"
28,2574,"A"
28,2575,"A"
28,2576,"A"
28,2577,"A"
28,2578,"A"
28,2579,"A"
28,2580,"A"
28,2581,"A"
28,2582,"A"
28,2583,"A"
28,2584,"A"
28,2585,"A"
28,2586,"A"
28,2587,"A"
28,2588,"A"
28,2589,"A"
28,2590,"A"
28,2591,"A"
28,2592,"A"
28,2593,"A"
28,2594,"A"
28,2595,"A"
28,2596,"A"
28,2597,"A"
28,2598,"A"
28,2599,"A"
28,2600,"A"
28,2601,"A"
28,2602,"A"
28,2603,"A"
28,2604,"A"
28,2605,"A"
28,2606,"A"
28,2607,"A"
28,2608,"A"
28,2609,"A"
28,2610,"A"
28,2611,"A"
28,2612,"A"
28,2613,"A"
28,2614,"A"
28,2615,"A"
28,2616,"A"
28,2617,"A"
28,2618,"A"
28,2619,"A"
28,2620,"A"
28,2621,"A"
28,2622,"A"
28,2623,"A"
28,2624,"A"
28,2625,"A"
28,2626,"A"
28,2627,"A"
28,2628,"A"
28,2629,"A"
28,2630,"A"
28,2631,"A"
28,2632,"A"
28,2633,"A"
28,2634,"A"
28,2635,"A"
28,2636,"A"
28,2637,"A"
28,2638,"A"
28,2639,"A"
28,2640,"A"
28,2641,"A"
28,2642,"A"
28,2643,"A"
28,2644,"A"
28,2645,"A"
28,2646,"A"
28,2647,"A"
28,2648,"A"
28,2649,"A"
28,2650,"A"
28,2651,"A"
28,2652,"A"
28,2653,"A"
28,2654,"A"
28,2655,"A"
28,2656,"A"
28,2657,"A"
28,2658,"A"
28,2659,"A"
28,2660,"A"
28,2661,"A"
28,2662,"A"
28,2663,"A"
28,2664,"A"
28,2665,"A"
28,2666,"A"
28,2667,"A"
28,2668,"A"
28,2669,"A"
28,2670,"A"
28,2671,"A"
28,2672,"A"
28,2673,"A"
28,2674,"A"
28,2675,"A"
28,5968,"B"
28,5969,"B"
28,5970,"B"
28,5971,"B"
28,5972,"B"
28,5973,"B"
28,5974,"B"
28,5975,"B"
28,5976,"B"
28,5977,"B"
28,5978,"B"
28,5979,"B"
28,5980,"B"
28,5981,"B"
28,5982,"B"
28,5983,"B"
28,5984,"B"
28,5985,"B"
28,5986,"B"
28,5987,"B"
28,5988,"B"
28,5989,"B"
28,5990,"B"
28,5991,"B"
28,5992,"B"
28,5993,"B"
28,5994,"B"
28,5995,"B"
28,5996,"B"
28,5997,"B"
28,5998,"B"
28,5999,"B"
28,6000,"B"
28,6001,"B"
28,6002,"B"
28,6003,"B"
28,6004,"B"
28,6005,"B"
28,6006,"B"
28,6007,"B"
28,6008,"B"
28,6009,"B"
28,6010,"B"
28,6011,"B"
28,6012,"B"
28,6013,"B"
28,6014,"B"
28,6015,"B"
28,6016,"B"
28,6017,"B"
28,6018,"B"
28,6019,"B"
28,6020,"B"
28,6021,"B"
28,6022,"B"
28,6023,"B"
28,6024,"B"
28,6025,"B"
28,6026,"B"
28,6027,"B"
28,6028,"B"
28,6029,"B"
28,6030,"B"
28,6031,"B"
28,6032,"B"
28,6033,"B"
28,6034,"B"
28,6035,"B"
28,6036,"B"
28,6037,"B"
28,6038,"B"
28,6039,"B"
28,6040,"B"
28,6041,"B"
28,6042,"B"
28,6043,"B"
28,6044,"B"
28,6045,"B"
28,6046,"B"
28,6047,"B"
28,6048,"B"
28,6049,"B"
28,6050,"B"
28,6051,"B"
28,6052,"B"
28,6053,"B"
28,6054,"B"
28,6055,"B"
28,6056,"B"
28,6057,"B"
28,6058,"B"
28,6059,"B"
28,6060,"B"
28,6061,"B"
28,6062,"B"
28,6063,"B"
28,6064,"B"
28,6065,"B"
28,6066,"B"
28,6067,"B"
28,6068,"B"
28,6069,"B"
28,6070,"B"
28,6071,"B"
28,6072,"B"
28,6073,"B"
28,6074,"B"
28,6075,"B"
28,6076,"B"
28,6077,"B"
28,6078,"B"
28,6079,"B"
28,6080,"B"
28,6081,"B"
28,6082,"B"
28,6083,"B"
28,6084,"B"
28,6085,"B"
28,6086,"B"
28,6087,"B"
28,6088,"B"
28,6089,"B"
28,6090,"B"
28,6091,"B"
28,6092,"B"
28,6093,"B"
28,6094,"B"
28,6095,"B"
28,6096,"B"
28,6097,"B"
28,6098,"B"
28,6099,"B"
28,6100,"B"
28,6101,"B"
28,6102,"B"
28,6103,"B"
28,6104,"B"
28,6105,"B"
28,6106,"B"
28,6107,"B"
28,6108,"B"
28,6109,"B"
28,6110,"B"
29,2676,"A"
29,2677,"A"
29,2678,"A"
29,2679,"A"
29,2680,"A"
29,2681,"A"
29,2682,"A"
29,2683,"A"
29,2684,"A"
29,2685,"A"
29,2686,"A"
29,2687,"A"
29,2688,"A"
29,2689,"A"
29,2690,"A"
29,2691,"A"
29,2692,"A"
29,2693,"A"
29,2694,"A"
29,2695,"A"
29,2696,"A"
29,2697,"A"
29,2698,"A"
29,2699,"A"
29,2700,"A"
29,2701,"A"
29,2702,"A"
29,2703,"A"
29,2704,"A"
29,2705,"A"
29,2706,"A"
29,2707,"A"
29,2708,"A"
29,2709,"A"
29,2710,"A"
29,2711,"A"
29,2712,"A"
29,2713,"A"
29,2714,"A"
29,2715,"A"
29,2716,"A"
29,2717,"A"
29,2718,"A"
29,2719,"A"
29,2720,"A"
29,2721,"A"
29,2722,"A"
29,2723,"A"
29,2724,"A"
29,2725,"A"
29,2726,"A"
29,2727,"A"
29,2728,"A"
29,2729,"A"
29,2730,"A"
29,2731,"A"
29,2732,"A"
29,2733,"A"
29,2734,"A"
29,2735,"A"
29,2736,"A"
29,2737,"A"
29,2738,"A"
29,2739,"A"
29,2740,"A"
29,2741,"A"
29,2742,"A"
29,2743,"A"
29,2744,"A"
29,2745,"A"
29,2746,"A"
29,2747,"A"
29,2748,"A"
29,2749,"A"
29,2750,"A"
29,2751,"A"
29,2752,"A"
29,2753,"A"
29,2754,"A"
29,2755,"A"
29,2756,"A"
29,2757,"A"
29,2758,"A"
29,2759,"A"
29,2760,"A"
29,2761,"A"
29,2762,"A"
29,2763,"A"
29,2764,"A"
29,2765,"A"
29,2766,"A"
29,2767,"A"
29,2768,"A"
29,2769,"A"
29,2770,"A"
29,2771,"A"
29,2772,"A"
29,2773,"A"
29,2774,"A"
29,2775,"A"
29,2776,"A"
29,2777,"A"
29,2778,"A"
29,2779,"A"
29,2780,"A"
29,2781,"A"
29,2782,"A"
29,2783,"A"
29,2784,"A"
29,2785,"A"
29,2786,"A"
29,2787,"A"
29,2788,"A"
29,2789,"A"
29,2790,"A"
29,2791,"A"
29,2792,"A"
29,2793,"A"
29,2794,"A"
29,2795,"A"
29,2796,"A"
29,2797,"A"
29,2798,"A"
29,2799,"A"
29,2800,"A"
29,2801,"A"
29,2802,"A"
29,2803,"A"
29,2804,"A"
29,2805,"A"
29,2806,"A"
29,2807,"A"
29,2808,"A"
29,2809,"A"
29,2810,"A"
29,2811,"A"
29,2812,"A"
29,2813,"A"
29,2814,"A"
29,2815,"A"
29,2816,"A"
29,2817,"A"
29,2818,"A"
29,2819,"A"
29,2820,"A"
29,2821,"A"
29,2822,"A"
29,2823,"A"
29,2824,"A"
29,2825,"A"
29,2826,"A"
29,2827,"A"
29,2828,"A"
29,2829,"A"
29,2830,"A"
29,2831,"A"
29,2832,"A"
29,2833,"A"
29,2834,"A"
29,2835,"A"
29,2836,"A"
29,2837,"A"
29,6111,"B"
29,6112,"B"
29,6113,"B"
29,6114,"B"
29,6115,"B"
29,6116,"B"
29,6117,"B"
29,6118,"B"
29,6119,"B"
29,6120,"B"
29,6121,"B"
29,6122,"B"
29,6123,"B"
29,6124,"B"
29,6125,"B"
29,6126,"B"
29,6127,"B"
29,6128,"B"
29,6129,"B"
29,6130,"B"
29,6131,"B"
29,6132,"B"
29,6133,"B"
29,6134,"B"
29,6135,"B"
29,6136,"B"
29,6137,"B"
29,6138,"B"
29,6139,"B"
29,6140,"B"
29,6141,"B"
29,6142,"B"
29,6143,"B"
29,6144,"B"
29,6145,"B"
29,6146,"B"
29,6147,"B"
29,6148,"B"
29,6149,"B"
29,6150,"B"
29,6151,"B"
29,6152,"B"
29,6153,"B"
29,6154,"B"
29,6155,"B"
29,6156,"B"
29,6157,"B"
29,6158,"B"
29,6159,"B"
29,6160,"B"
29,6161,"B"
29,6162,"B"
29,6163,"B"
29,6164,"B"
29,6165,"B"
29,6166,"B"
29,6167,"B"
29,6168,"B"
29,6169,"B"
29,6170,"B"
29,6171,"B"
29,6172,"B"
29,6173,"B"
29,6174,"B"
29,6175,"B"
29,6176,"B"
29,6177,"B"
29,6178,"B"
29,6179,"B"
29,6180,"B"
29,6181,"B"
29,6182,"B"
29,6183,"B"
29,6184,"B"
29,6185,"B"
29,6186,"B"
29,6187,"B"
29,6188,"B"
29,6189,"B"
29,6190,"B"
29,6191,"B"
29,6192,"B"
29,6193,"B"
29,6194,"B"
29,6195,"B"
29,6196,"B"
29,6197,"B"
29,6198,"B"
29,6199,"B"
29,6200,"B"
29,6201,"B"
29,6202,"B"
29,6203,"B"
29,6204,"B"
30,2838,"A"
30,2839,"A"
30,2840,"A"
30,2841,"A"
30,2842,"A"
30,2843,"A"
30,2844,"A"
30,2845,"A"
30,2846,"A"
30,2847,"A"
30,2848,"A"
30,2849,"A"
30,2850,"A"
30,2851,"A"
30,2852,"A"
30,2853,"A"
30,2854,"A"
30,2855,"A"
30,2856,"A"
30,2857,"A"
30,2858,"A"
30,2859,"A"
30,2860,"A"
30,2861,"A"
30,2862,"A"
30,2863,"A"
30,2864,"A"
30,2865,"A"
30,2866,"A"
30,2867,"A"
30,2868,"A"
30,2869,"A"
30,2870,"A"
30,2871,"A"
30,2872,"A"
30,2873,"A"
30,2874,"A"
30,2875,"A"
30,2876,"A"
30,2877,"A"
30,2878,"A"
30,2879,"A"
30,2880,"A"
30,2881,"A"
30,2882,"A"
30,2883,"A"
30,2884,"A"
30,2885,"A"
30,2886,"A"
30,2887,"A"
30,2888,"A"
30,2889,"A"
30,2890,"A"
30,2891,"A"
30,6205,"B"
30,6206,"B"
30,6207,"B"
30,6208,"B"
30,6209,"B"
30,6210,"B"
30,6211,"B"
30,6212,"B"
30,6213,"B"
30,6214,"B"
30,6215,"B"
30,6216,"B"
30,6217,"B"
30,6218,"B"
30,6219,"B"
30,6220,"B"
30,6221,"B"
30,6222,"B"
30,6223,"B"
30,6224,"B"
30,6225,"B"
30,6226,"B"
30,6227,"B"
30,6228,"B"
30,6229,"B"
30,6230,"B"
30,6231,"B"
30,6232,"B"
30,6233,"B"
30,6234,"B"
30,6235,"B"
30,6236,"B"
30,6237,"B"
30,6238,"B"
30,6239,"B"
30,6240,"B"
30,6241,"B"
30,6242,"B"
30,6243,"B"
30,6244,"B"
30,6245,"B"
30,6246,"B"
30,6247,"B"
30,6248,"B"
30,6249,"B"
30,6250,"B"
30,6251,"B"
30,6252,"B"
30,6253,"B"
30,6254,"B"
30,6255,"B"
30,6256,"B"
30,6257,"B"
30,6258,"B"
30,6259,"B"
30,6260,"B"
30,6261,"B"
30,6262,"B"
30,6263,"B"
30,6264,"B"
30,6265,"B"
